game_id,word_index,hinter_model,guesser_model,target_word,category,taboo_words,success,turns_used,final_guess,failure_reason,taboo_violation_turn,taboo_violation_hint,has_taboo_violation,all_hints,all_guesses,conversation,total_api_attempts,format_errors,has_format_errors,duration_seconds,timestamp,error,word_frequency,frequency_log,hinter_model_clean,sense_count
gpt-4o_44,43,openai/gpt-4o,openai/gpt-4o,backward,general,facing|forward|back|directed|rear,False,5,backtrack,MAX_TURNS_EXCEEDED,,,False,"Hinter: [CLUE] This is the opposite of moving ahead or progressing. | Hinter: [CLUE] This describes a movement in the opposite direction of advance, often used when rewinding a tape. | Hinter: [CLUE] This term is used when you want to describe something that is moving in reverse, like when you walk in the opposite direction of where you are looking. | Hinter: [CLUE] This word describes a movement that is the reverse of progress, often associated with reversing a vehicle. | Hinter: [CLUE] This describes the opposite of moving ahead, often used to describe a step taken in the direction from which you came.",Guesser: [GUESS] retreat | Guesser: [GUESS] rewind | Guesser: [GUESS] backwards | Guesser: [GUESS] reverse | Guesser: [GUESS] backtrack,"Hinter: [CLUE] This is the opposite of moving ahead or progressing. | Guesser: [GUESS] retreat | System: 'retreat' is not correct. Try again! | Hinter: [CLUE] This describes a movement in the opposite direction of advance, often used when rewinding a tape. | Guesser: [GUESS] rewind | System: 'rewind' is not correct. Try again! | Hinter: [CLUE] This term is used when you want to describe something that is moving in reverse, like when you walk in the opposite direction of where you are looking. | Guesser: [GUESS] backwards | System: 'backwards' is not correct. Try again! | Hinter: [CLUE] This word describes a movement that is the reverse of progress, often associated with reversing a vehicle. | Guesser: [GUESS] reverse | System: 'reverse' is not correct. Try again! | Hinter: [CLUE] This describes the opposite of moving ahead, often used to describe a step taken in the direction from which you came. | Guesser: [GUESS] backtrack",10,,False,9.9,2025-07-12 00:54:20,,5.128613839913648e-06,-5.29,gpt-4o,7
gpt-4o_99,98,openai/gpt-4o,openai/gpt-4o,inoculate,general,inform|beliefs|attitude|idea|immunise,False,5,immunisation,MAX_TURNS_EXCEEDED,,,False,"Hinter: [CLUE] This is a process where a small amount of a weakened or inactive pathogen is introduced into the body to help build protection against diseases. | Hinter: [CLUE] This action is often performed by a healthcare professional using a needle to deliver a substance that helps the body prepare to fight off specific illnesses. | Hinter: [CLUE] This verb describes the act of administering a vaccine to a person or animal to stimulate their immune system against a disease. | Hinter: [CLUE] This term refers to the act of giving a vaccine, typically through an injection, to help the body develop defences against future infections. | Hinter: [CLUE] This word is used to describe the process of introducing a vaccine into the body, often through an injection, to help the immune system develop resistance to specific pathogens.",Guesser: [GUESS] vaccination | Guesser: [GUESS] inoculation | Guesser: [GUESS] immunise | Guesser: [GUESS] vaccinate | Guesser: [GUESS] immunisation,"Hinter: [CLUE] This is a process where a small amount of a weakened or inactive pathogen is introduced into the body to help build protection against diseases. | Guesser: [GUESS] vaccination | System: 'vaccination' is not correct. Try again! | Hinter: [CLUE] This action is often performed by a healthcare professional using a needle to deliver a substance that helps the body prepare to fight off specific illnesses. | Guesser: [GUESS] inoculation | System: 'inoculation' is not correct. Try again! | Hinter: [CLUE] This verb describes the act of administering a vaccine to a person or animal to stimulate their immune system against a disease. | Guesser: [GUESS] immunise | System: 'immunise' is not correct. Try again! | Hinter: [CLUE] This term refers to the act of giving a vaccine, typically through an injection, to help the body develop defences against future infections. | Guesser: [GUESS] vaccinate | System: 'vaccinate' is not correct. Try again! | Hinter: [CLUE] This word is used to describe the process of introducing a vaccine into the body, often through an injection, to help the immune system develop resistance to specific pathogens. | Guesser: [GUESS] immunisation",10,,False,10.28,2025-07-12 01:00:29,,1.8197008586099824e-07,-6.74,gpt-4o,5
gpt-4o_280,279,openai/gpt-4o,openai/gpt-4o,humor,philosophy,humour|satire|temper|verbal|caustic,False,5,levity,MAX_TURNS_EXCEEDED,,,False,"Hinter: [CLUE] This is a quality that makes people laugh or smile, often found in jokes or comedic performances. | Hinter: [CLUE] This is an aspect of entertainment that involves wit and jest, commonly seen in stand-up acts and comedic films. | Hinter: [CLUE] This is an element of storytelling that involves cleverness and amusement, often used to lighten the mood or provide relief in serious situations. | Hinter: [CLUE] This is a form of expression that brings joy and laughter, often through clever wordplay or amusing anecdotes. | Hinter: [CLUE] This is a trait that involves finding amusement in situations, often bringing a smile or laughter, and is a key component in comedic timing.",Guesser: [GUESS] humour | Guesser: [GUESS] comedy | Guesser: [GUESS] wit | Guesser: [GUESS] humour | Guesser: [GUESS] levity,"Hinter: [CLUE] This is a quality that makes people laugh or smile, often found in jokes or comedic performances. | Guesser: [GUESS] humour | System: 'humour' is not correct. Try again! | Hinter: [CLUE] This is an aspect of entertainment that involves wit and jest, commonly seen in stand-up acts and comedic films. | Guesser: [GUESS] comedy | System: 'comedy' is not correct. Try again! | Hinter: [CLUE] This is an element of storytelling that involves cleverness and amusement, often used to lighten the mood or provide relief in serious situations. | Guesser: [GUESS] wit | System: 'wit' is not correct. Try again! | Hinter: [CLUE] This is a form of expression that brings joy and laughter, often through clever wordplay or amusing anecdotes. | Guesser: [GUESS] humour | System: 'humour' is not correct. Try again! | Hinter: [CLUE] This is a trait that involves finding amusement in situations, often bringing a smile or laughter, and is a key component in comedic timing. | Guesser: [GUESS] levity",10,,False,8.53,2025-07-12 01:12:02,,1.5488166189124828e-05,-4.81,gpt-4o,7
gpt-4o_399,98,openai/gpt-4o,google/gemini-2.5-pro,inoculate,general,inform|beliefs|attitude|idea|immunise,False,5,Jab,MAX_TURNS_EXCEEDED,,,False,Hinter: [CLUE] This is an action taken to protect against diseases by introducing a substance into the body. | Hinter: [CLUE] This procedure involves administering a serum to bolster the body's defence system against illness. | Hinter: [CLUE] This process often involves a needle and is aimed at enhancing resistance to specific infections. | Hinter: [CLUE] This term describes the act of introducing a vaccine into the body to stimulate the immune response and provide protection against diseases. | Hinter: [CLUE] This word refers to the act of administering a vaccine to help the body develop immunity against pathogens.,Guesser: [GUESS] Vaccination | Guesser: [GUESS] Immunisation | Guesser: [GUESS] Inoculation | Guesser: [GUESS] Injection | Guesser: [GUESS] Jab,Hinter: [CLUE] This is an action taken to protect against diseases by introducing a substance into the body. | Guesser: [GUESS] Vaccination | System: 'Vaccination' is not correct. Try again! | Hinter: [CLUE] This procedure involves administering a serum to bolster the body's defence system against illness. | Guesser: [GUESS] Immunisation | System: 'Immunisation' is not correct. Try again! | Hinter: [CLUE] This process often involves a needle and is aimed at enhancing resistance to specific infections. | Guesser: [GUESS] Inoculation | System: 'Inoculation' is not correct. Try again! | Hinter: [CLUE] This term describes the act of introducing a vaccine into the body to stimulate the immune response and provide protection against diseases. | Guesser: [GUESS] Injection | System: 'Injection' is not correct. Try again! | Hinter: [CLUE] This word refers to the act of administering a vaccine to help the body develop immunity against pathogens. | Guesser: [GUESS] Jab,11,,False,88.71,2025-07-12 02:50:12,,1.8197008586099824e-07,-6.74,gpt-4o,5
gpt-4o_580,279,openai/gpt-4o,google/gemini-2.5-pro,humor,philosophy,humour|satire|temper|verbal|caustic,False,5,funniness,MAX_TURNS_EXCEEDED,,,False,"Hinter: [CLUE] This is a quality that makes things amusing or entertaining, often found in comedies and jokes. | Hinter: [CLUE] This is the ability to perceive or express what is amusing or funny, often seen in comedians and jesters. | Hinter: [CLUE] This is an aspect of personality that involves finding joy in the lighter side of life, often bringing laughter to others. | Hinter: [CLUE] This is a trait that involves seeing the amusing side of situations, often leading to smiles and laughter, and is a key element in comedic performances. | Hinter: [CLUE] This is an innate quality that allows people to appreciate or create amusement, often found in stand-up routines and funny stories.",Guesser: [GUESS] humour | Guesser: [GUESS] wit | Guesser: [GUESS] playfulness | Guesser: [GUESS] comedy | Guesser: [GUESS] funniness,"Hinter: [CLUE] This is a quality that makes things amusing or entertaining, often found in comedies and jokes. | Guesser: [GUESS] humour | System: 'humour' is not correct. Try again! | Hinter: [CLUE] This is the ability to perceive or express what is amusing or funny, often seen in comedians and jesters. | Guesser: [GUESS] wit | System: 'wit' is not correct. Try again! | Hinter: [CLUE] This is an aspect of personality that involves finding joy in the lighter side of life, often bringing laughter to others. | Guesser: [GUESS] playfulness | System: 'playfulness' is not correct. Try again! | Hinter: [CLUE] This is a trait that involves seeing the amusing side of situations, often leading to smiles and laughter, and is a key element in comedic performances. | Guesser: [GUESS] comedy | System: 'comedy' is not correct. Try again! | Hinter: [CLUE] This is an innate quality that allows people to appreciate or create amusement, often found in stand-up routines and funny stories. | Guesser: [GUESS] funniness",12,,False,116.13,2025-07-12 04:06:12,,1.5488166189124828e-05,-4.81,gpt-4o,7
gpt-4o_699,98,openai/gpt-4o,deepseek/deepseek-chat-v3-0324,inoculate,general,inform|beliefs|attitude|idea|immunise,False,5,immunisation,MAX_TURNS_EXCEEDED,,,False,"Hinter: [CLUE] This is a medical procedure to protect against diseases using a needle. | Hinter: [CLUE] This involves introducing a small, safe amount of a virus or bacteria to build resistance. | Hinter: [CLUE] This process is often done at clinics to help prevent illnesses by stimulating the body's defence system. | Hinter: [CLUE] This action is performed by healthcare professionals to administer a vaccine, often involving a syringe. | Hinter: [CLUE] This term refers to the act of giving someone a vaccine to help them develop immunity against a disease.",Guesser: [GUESS] vaccination | Guesser: [GUESS] immunisation | Guesser: [GUESS] inoculation | Guesser: [GUESS] injection | Guesser: [GUESS] immunisation,"Hinter: [CLUE] This is a medical procedure to protect against diseases using a needle. | Guesser: [GUESS] vaccination | System: 'vaccination' is not correct. Try again! | Hinter: [CLUE] This involves introducing a small, safe amount of a virus or bacteria to build resistance. | Guesser: [GUESS] immunisation | System: 'immunisation' is not correct. Try again! | Hinter: [CLUE] This process is often done at clinics to help prevent illnesses by stimulating the body's defence system. | Guesser: [GUESS] inoculation | System: 'inoculation' is not correct. Try again! | Hinter: [CLUE] This action is performed by healthcare professionals to administer a vaccine, often involving a syringe. | Guesser: [GUESS] injection | System: 'injection' is not correct. Try again! | Hinter: [CLUE] This term refers to the act of giving someone a vaccine to help them develop immunity against a disease. | Guesser: [GUESS] immunisation",10,,False,10.01,2025-07-12 04:29:57,,1.8197008586099824e-07,-6.74,gpt-4o,5
gpt-4o_703,102,openai/gpt-4o,deepseek/deepseek-chat-v3-0324,organization,chemistry,people|social|system|brass|group,False,5,enterprise,MAX_TURNS_EXCEEDED,,,False,"Hinter: [CLUE] This is a structured entity often found in workplaces or charities, where individuals collaborate towards common goals. | Hinter: [CLUE] This is an entity with a formal arrangement, often involving a hierarchy, where tasks are coordinated to achieve specific objectives. | Hinter: [CLUE] This entity can be a company, charity, or club, where roles are defined, and resources are managed to fulfil a purpose. | Hinter: [CLUE] This entity often has a mission statement and is legally recognised, with a structure that supports achieving its aims through coordinated efforts. | Hinter: [CLUE] This entity is commonly involved in business or charitable activities, has a clear purpose, and often requires registration to operate legally, ensuring its activities align with its defined mission.",Guesser: [GUESS] organisation | Guesser: [GUESS] institution | Guesser: [GUESS] association | Guesser: [GUESS] corporation | Guesser: [GUESS] enterprise,"Hinter: [CLUE] This is a structured entity often found in workplaces or charities, where individuals collaborate towards common goals. | Guesser: [GUESS] organisation | System: 'organisation' is not correct. Try again! | Hinter: [CLUE] This is an entity with a formal arrangement, often involving a hierarchy, where tasks are coordinated to achieve specific objectives. | Guesser: [GUESS] institution | System: 'institution' is not correct. Try again! | Hinter: [CLUE] This entity can be a company, charity, or club, where roles are defined, and resources are managed to fulfil a purpose. | Guesser: [GUESS] association | System: 'association' is not correct. Try again! | Hinter: [CLUE] This entity often has a mission statement and is legally recognised, with a structure that supports achieving its aims through coordinated efforts. | Guesser: [GUESS] corporation | System: 'corporation' is not correct. Try again! | Hinter: [CLUE] This entity is commonly involved in business or charitable activities, has a clear purpose, and often requires registration to operate legally, ensuring its activities align with its defined mission. | Guesser: [GUESS] enterprise",10,,False,11.93,2025-07-12 04:30:42,,8.317637711026709e-05,-4.08,gpt-4o,7
gpt-4o_880,279,openai/gpt-4o,deepseek/deepseek-chat-v3-0324,humor,philosophy,humour|satire|temper|verbal|caustic,False,5,humourous,MAX_TURNS_EXCEEDED,,,False,"Hinter: [CLUE] This is a quality that makes things funny or amusing, often found in comedy shows or jokes. | Hinter: [CLUE] This is the ability to perceive or express what is amusing or comical, often bringing joy and laughter. | Hinter: [CLUE] This is an innate quality that can lighten the mood and is often appreciated in storytelling or when socialising with friends. | Hinter: [CLUE] This is a trait that comedians and jesters are known for, helping to entertain and engage audiences with their clever and amusing insights. | Hinter: [CLUE] This is a characteristic that involves seeing the lighter side of life, often used to diffuse tension and bring smiles to people's faces.",Guesser: [GUESS] humour | Guesser: [GUESS] wit | Guesser: [GUESS] laughter | Guesser: [GUESS] comedy | Guesser: [GUESS] humourous,"Hinter: [CLUE] This is a quality that makes things funny or amusing, often found in comedy shows or jokes. | Guesser: [GUESS] humour | System: 'humour' is not correct. Try again! | Hinter: [CLUE] This is the ability to perceive or express what is amusing or comical, often bringing joy and laughter. | Guesser: [GUESS] wit | System: 'wit' is not correct. Try again! | Hinter: [CLUE] This is an innate quality that can lighten the mood and is often appreciated in storytelling or when socialising with friends. | Guesser: [GUESS] laughter | System: 'laughter' is not correct. Try again! | Hinter: [CLUE] This is a trait that comedians and jesters are known for, helping to entertain and engage audiences with their clever and amusing insights. | Guesser: [GUESS] comedy | System: 'comedy' is not correct. Try again! | Hinter: [CLUE] This is a characteristic that involves seeing the lighter side of life, often used to diffuse tension and bring smiles to people's faces. | Guesser: [GUESS] humourous",12,,False,16.74,2025-07-12 04:44:41,,1.5488166189124828e-05,-4.81,gpt-4o,7
gpt-4o_999,98,openai/gpt-4o,anthropic/claude-sonnet-4,inoculate,general,inform|beliefs|attitude|idea|immunise,False,5,immunise,MAX_TURNS_EXCEEDED,,,False,"Hinter: [CLUE] This is an action performed by healthcare professionals to protect individuals from diseases using a needle. | Hinter: [CLUE] This process involves administering a substance to stimulate the body's defence system against infections. | Hinter: [CLUE] This term describes the act of introducing a vaccine into the body to build resistance against specific illnesses. | Hinter: [CLUE] This verb refers to the act of administering a vaccine to someone, often using a syringe, to help prevent disease. | Hinter: [CLUE] This term is a verb that describes the process of giving a vaccine to a person to help their body develop protection against illnesses.",Guesser: [GUESS] vaccination | Guesser: [GUESS] immunisation | Guesser: [GUESS] inoculation | Guesser: [GUESS] vaccinate | Guesser: [GUESS] immunise,"Hinter: [CLUE] This is an action performed by healthcare professionals to protect individuals from diseases using a needle. | Guesser: [GUESS] vaccination | System: 'vaccination' is not correct. Try again! | Hinter: [CLUE] This process involves administering a substance to stimulate the body's defence system against infections. | Guesser: [GUESS] immunisation | System: 'immunisation' is not correct. Try again! | Hinter: [CLUE] This term describes the act of introducing a vaccine into the body to build resistance against specific illnesses. | Guesser: [GUESS] inoculation | System: 'inoculation' is not correct. Try again! | Hinter: [CLUE] This verb refers to the act of administering a vaccine to someone, often using a syringe, to help prevent disease. | Guesser: [GUESS] vaccinate | System: 'vaccinate' is not correct. Try again! | Hinter: [CLUE] This term is a verb that describes the process of giving a vaccine to a person to help their body develop protection against illnesses. | Guesser: [GUESS] immunise",10,,False,15.32,2025-07-12 05:03:28,,1.8197008586099824e-07,-6.74,gpt-4o,5
gpt-4o_1003,102,openai/gpt-4o,anthropic/claude-sonnet-4,organization,chemistry,people|social|system|brass|group,False,5,corporation,MAX_TURNS_EXCEEDED,,,False,"Hinter: [CLUE] This is a structured entity with a specific purpose, often involving coordination and management. | Hinter: [CLUE] This is an entity that can be a charity, business, or institution, often with a hierarchy and roles to achieve goals. | Hinter: [CLUE] This entity often has a mission or vision statement and may be involved in various activities such as fundraising, advocacy, or providing services. | Hinter: [CLUE] This entity can be found in both the public and private sectors, often requiring leadership and strategic planning to function effectively. | Hinter: [CLUE] This entity often requires a formal structure with defined roles and responsibilities, and it can be involved in activities such as governance, education, or commerce.",Guesser: [GUESS] organisation | Guesser: [GUESS] company | Guesser: [GUESS] charity | Guesser: [GUESS] institution | Guesser: [GUESS] corporation,"Hinter: [CLUE] This is a structured entity with a specific purpose, often involving coordination and management. | Guesser: [GUESS] organisation | System: 'organisation' is not correct. Try again! | Hinter: [CLUE] This is an entity that can be a charity, business, or institution, often with a hierarchy and roles to achieve goals. | Guesser: [GUESS] company | System: 'company' is not correct. Try again! | Hinter: [CLUE] This entity often has a mission or vision statement and may be involved in various activities such as fundraising, advocacy, or providing services. | Guesser: [GUESS] charity | System: 'charity' is not correct. Try again! | Hinter: [CLUE] This entity can be found in both the public and private sectors, often requiring leadership and strategic planning to function effectively. | Guesser: [GUESS] institution | System: 'institution' is not correct. Try again! | Hinter: [CLUE] This entity often requires a formal structure with defined roles and responsibilities, and it can be involved in activities such as governance, education, or commerce. | Guesser: [GUESS] corporation",10,,False,16.35,2025-07-12 05:04:25,,8.317637711026709e-05,-4.08,gpt-4o,7
gpt-4o_1180,279,openai/gpt-4o,anthropic/claude-sonnet-4,humor,philosophy,humour|satire|temper|verbal|caustic,False,5,cheerfulness,MAX_TURNS_EXCEEDED,,,False,"Hinter: [CLUE] This is the ability to find things amusing or entertaining, often involving laughter or jokes. | Hinter: [CLUE] This is a quality that involves making others laugh, often through clever or witty remarks. | Hinter: [CLUE] This is an aspect of personality that involves the ability to appreciate or create amusement, often leading to laughter. | Hinter: [CLUE] This is the characteristic of being amusing or entertaining, often involving jokes or funny stories. | Hinter: [CLUE] This is a trait that involves seeing the lighter side of life, often expressed through jokes or amusing anecdotes.",Guesser: [GUESS] humour | Guesser: [GUESS] wit | Guesser: [GUESS] comedy | Guesser: [GUESS] funny | Guesser: [GUESS] cheerfulness,"Hinter: [CLUE] This is the ability to find things amusing or entertaining, often involving laughter or jokes. | Guesser: [GUESS] humour | System: 'humour' is not correct. Try again! | Hinter: [CLUE] This is a quality that involves making others laugh, often through clever or witty remarks. | Guesser: [GUESS] wit | System: 'wit' is not correct. Try again! | Hinter: [CLUE] This is an aspect of personality that involves the ability to appreciate or create amusement, often leading to laughter. | Guesser: [GUESS] comedy | System: 'comedy' is not correct. Try again! | Hinter: [CLUE] This is the characteristic of being amusing or entertaining, often involving jokes or funny stories. | Guesser: [GUESS] funny | System: 'funny' is not correct. Try again! | Hinter: [CLUE] This is a trait that involves seeing the lighter side of life, often expressed through jokes or amusing anecdotes. | Guesser: [GUESS] cheerfulness",11,,False,15.59,2025-07-12 05:20:58,,1.5488166189124828e-05,-4.81,gpt-4o,7
gemini-2.5-pro_103,102,google/gemini-2.5-pro,openai/gpt-4o,organization,chemistry,people|social|system|brass|group,False,5,organisation,MAX_TURNS_EXCEEDED,,,False,"Hinter: [CLUE] This is a body of individuals with a particular purpose, for example, a company or a charity. | Hinter: [CLUE] This term describes the structure and methodical arrangement of a club, a business, or a government department. | Hinter: [CLUE] This word can mean the structure of something, like the way a project is planned, but it can also be a body like a company or a non-profit entity. | Hinter: [CLUE] The act of putting things into a logical order. The resulting body, such as a business or club, requires a specialized skill set to run. | Hinter: [CLUE] This is the noun form of the verb that means to arrange things methodically. That verb can be spelled with either an 's' or a 'z' at the end.",Guesser: [GUESS] organisation | Guesser: [GUESS] institution | Guesser: [GUESS] organisation | Guesser: [GUESS] administration | Guesser: [GUESS] organisation,"Hinter: [CLUE] This is a body of individuals with a particular purpose, for example, a company or a charity. | Guesser: [GUESS] organisation | System: 'organisation' is not correct. Try again! | Hinter: [CLUE] This term describes the structure and methodical arrangement of a club, a business, or a government department. | Guesser: [GUESS] institution | System: 'institution' is not correct. Try again! | Hinter: [CLUE] This word can mean the structure of something, like the way a project is planned, but it can also be a body like a company or a non-profit entity. | Guesser: [GUESS] organisation | System: 'organisation' is not correct. Try again! | Hinter: [CLUE] The act of putting things into a logical order. The resulting body, such as a business or club, requires a specialized skill set to run. | Guesser: [GUESS] administration | System: 'administration' is not correct. Try again! | Hinter: [CLUE] This is the noun form of the verb that means to arrange things methodically. That verb can be spelled with either an 's' or a 'z' at the end. | Guesser: [GUESS] organisation",11,,False,125.57,2025-07-12 06:22:47,,8.317637711026709e-05,-4.08,gemini-2.5-pro,7
gemini-2.5-pro_280,279,google/gemini-2.5-pro,openai/gpt-4o,humor,philosophy,humour|satire|temper|verbal|caustic,False,5,humour,MAX_TURNS_EXCEEDED,,,False,"Hinter: [CLUE] You might describe a person as having a 'dry sense of...' this. | Hinter: [CLUE] It's the quality that makes a good sitcom, like the American version of 'The Office', so funny. | Hinter: [CLUE] A late-night talk show host in the US, like Stephen Colbert or Jimmy Fallon, relies heavily on this to entertain their audience. | Hinter: [CLUE] This word can describe a comedian's talent, but it's also an old medical term for one of the four essential fluids in the body. | Hinter: [CLUE] This word is also found in anatomy. The eye contains both an 'aqueous' and a 'vitreous' type of this substance.",Guesser: [GUESS] humour | Guesser: [GUESS] wit | Guesser: [GUESS] satire | Guesser: [GUESS] humour | Guesser: [GUESS] humour,"Hinter: [CLUE] You might describe a person as having a 'dry sense of...' this. | Guesser: [GUESS] humour | System: 'humour' is not correct. Try again! | Hinter: [CLUE] It's the quality that makes a good sitcom, like the American version of 'The Office', so funny. | Guesser: [GUESS] wit | System: 'wit' is not correct. Try again! | Hinter: [CLUE] A late-night talk show host in the US, like Stephen Colbert or Jimmy Fallon, relies heavily on this to entertain their audience. | Guesser: [GUESS] satire | System: 'satire' is not correct. Try again! | Hinter: [CLUE] This word can describe a comedian's talent, but it's also an old medical term for one of the four essential fluids in the body. | Guesser: [GUESS] humour | System: 'humour' is not correct. Try again! | Hinter: [CLUE] This word is also found in anatomy. The eye contains both an 'aqueous' and a 'vitreous' type of this substance. | Guesser: [GUESS] humour",12,,False,188.65,2025-07-12 07:32:22,,1.5488166189124828e-05,-4.81,gemini-2.5-pro,7
gemini-2.5-pro_880,279,google/gemini-2.5-pro,deepseek/deepseek-chat-v3-0324,humor,philosophy,humour|satire|temper|verbal|caustic,False,5,humour,MAX_TURNS_EXCEEDED,,,False,"Hinter: [CLUE] This is the quality of being amusing, and you can have a 'dry' or 'dark' sense of it. | Hinter: [CLUE] This word can also refer to one of the four ancient bodily fluids that were thought to determine a person's disposition.**Finalizing the Clue**I've decided on the medical clue. It's a clever way to guide the guesser without being too direct. It also connects to the previous | Hinter: [CLUE] The American writer Mark Twain was a celebrated master of this quality. | Hinter: [CLUE] You might be told to 'lighten up' if you've lost your sense of this. | Hinter: [CLUE] This word is spelled differently in American English, where it is missing the letter 'u' that you would find in the British spelling.",Guesser: [GUESS] humour | Guesser: [GUESS] bile | Guesser: [GUESS] wit | Guesser: [GUESS] humour | Guesser: [GUESS] humour,"Hinter: [CLUE] This is the quality of being amusing, and you can have a 'dry' or 'dark' sense of it. | Guesser: [GUESS] humour | System: 'humour' is not correct. Try again! | Hinter: [CLUE] This word can also refer to one of the four ancient bodily fluids that were thought to determine a person's disposition.**Finalizing the Clue**I've decided on the medical clue. It's a clever way to guide the guesser without being too direct. It also connects to the previous | Guesser: [GUESS] bile | System: 'bile' is not correct. Try again! | Hinter: [CLUE] The American writer Mark Twain was a celebrated master of this quality. | Guesser: [GUESS] wit | System: 'wit' is not correct. Try again! | Hinter: [CLUE] You might be told to 'lighten up' if you've lost your sense of this. | Guesser: [GUESS] humour | System: 'humour' is not correct. Try again! | Hinter: [CLUE] This word is spelled differently in American English, where it is missing the letter 'u' that you would find in the British spelling. | Guesser: [GUESS] humour",11,,False,116.54,2025-07-12 13:27:07,,1.5488166189124828e-05,-4.81,gemini-2.5-pro,7
deepseek-chat-v3-0324_44,43,deepseek/deepseek-chat-v3-0324,openai/gpt-4o,backward,general,facing|forward|back|directed|rear,False,5,backwards,MAX_TURNS_EXCEEDED,,,False,Hinter: [CLUE] Opposite of the way clocks move in the UK | Hinter: [CLUE] Moving in the reverse direction to what's considered normal progression | Hinter: [CLUE] Not progressing in the usual manner; moving towards where you started from | Hinter: [CLUE] The way you might walk if you're retreating or avoiding eye contact | Hinter: [CLUE] How you might read a word if starting from its last letter to its first,Guesser: [GUESS] anticlockwise | Guesser: [GUESS] backwards | Guesser: [GUESS] reverse | Guesser: [GUESS] backwards | Guesser: [GUESS] backwards,Hinter: [CLUE] Opposite of the way clocks move in the UK | Guesser: [GUESS] anticlockwise | System: 'anticlockwise' is not correct. Try again! | Hinter: [CLUE] Moving in the reverse direction to what's considered normal progression | Guesser: [GUESS] backwards | System: 'backwards' is not correct. Try again! | Hinter: [CLUE] Not progressing in the usual manner; moving towards where you started from | Guesser: [GUESS] reverse | System: 'reverse' is not correct. Try again! | Hinter: [CLUE] The way you might walk if you're retreating or avoiding eye contact | Guesser: [GUESS] backwards | System: 'backwards' is not correct. Try again! | Hinter: [CLUE] How you might read a word if starting from its last letter to its first | Guesser: [GUESS] backwards,10,,False,17.55,2025-07-12 15:57:08,,5.128613839913648e-06,-5.29,deepseek-v3,7
deepseek-chat-v3-0324_99,98,deepseek/deepseek-chat-v3-0324,openai/gpt-4o,inoculate,general,inform|beliefs|attitude|idea|immunise,False,5,immunisation,MAX_TURNS_EXCEEDED,,,False,"Hinter: [CLUE] This medical procedure involves introducing a weakened form of a pathogen to protect against disease | Hinter: [CLUE] This process helps the body develop resistance to a specific illness by introducing small amounts of it | Hinter: [CLUE] Doctors might do this with a needle to help prevent future infections by training the body's defences | Hinter: [CLUE] This term describes the act of introducing a vaccine or antigen into the body, often through a jab, to build protection against a disease | Hinter: [CLUE] This medical intervention prepares the body's defences against future infection by administering a small dose of the disease-causing agent",Guesser: [GUESS] vaccination | Guesser: [GUESS] immunisation | Guesser: [GUESS] inoculation | Guesser: [GUESS] injection | Guesser: [GUESS] immunisation,"Hinter: [CLUE] This medical procedure involves introducing a weakened form of a pathogen to protect against disease | Guesser: [GUESS] vaccination | System: 'vaccination' is not correct. Try again! | Hinter: [CLUE] This process helps the body develop resistance to a specific illness by introducing small amounts of it | Guesser: [GUESS] immunisation | System: 'immunisation' is not correct. Try again! | Hinter: [CLUE] Doctors might do this with a needle to help prevent future infections by training the body's defences | Guesser: [GUESS] inoculation | System: 'inoculation' is not correct. Try again! | Hinter: [CLUE] This term describes the act of introducing a vaccine or antigen into the body, often through a jab, to build protection against a disease | Guesser: [GUESS] injection | System: 'injection' is not correct. Try again! | Hinter: [CLUE] This medical intervention prepares the body's defences against future infection by administering a small dose of the disease-causing agent | Guesser: [GUESS] immunisation",10,,False,19.56,2025-07-12 16:06:14,,1.8197008586099824e-07,-6.74,deepseek-v3,5
deepseek-chat-v3-0324_103,102,deepseek/deepseek-chat-v3-0324,openai/gpt-4o,organization,chemistry,people|social|system|brass|group,False,5,management,MAX_TURNS_EXCEEDED,,,False,"Hinter: [CLUE] A structured arrangement or body that coordinates activities towards a common purpose | Hinter: [CLUE] An entity with a formal structure, often established to achieve specific aims or manage collective efforts | Hinter: [CLUE] A collective body with defined roles and hierarchies, such as a charity or business | Hinter: [CLUE] The act of arranging or coordinating elements into a coherent whole, often seen in workplaces or voluntary bodies | Hinter: [CLUE] A body that plans and directs work, such as a company or non-profit, involving coordination of resources and personnel",Guesser: [GUESS] organisation | Guesser: [GUESS] institution | Guesser: [GUESS] corporation | Guesser: [GUESS] organisation | Guesser: [GUESS] management,"Hinter: [CLUE] A structured arrangement or body that coordinates activities towards a common purpose | Guesser: [GUESS] organisation | System: 'organisation' is not correct. Try again! | Hinter: [CLUE] An entity with a formal structure, often established to achieve specific aims or manage collective efforts | Guesser: [GUESS] institution | System: 'institution' is not correct. Try again! | Hinter: [CLUE] A collective body with defined roles and hierarchies, such as a charity or business | Guesser: [GUESS] corporation | System: 'corporation' is not correct. Try again! | Hinter: [CLUE] The act of arranging or coordinating elements into a coherent whole, often seen in workplaces or voluntary bodies | Guesser: [GUESS] organisation | System: 'organisation' is not correct. Try again! | Hinter: [CLUE] A body that plans and directs work, such as a company or non-profit, involving coordination of resources and personnel | Guesser: [GUESS] management",10,,False,19.0,2025-07-12 16:06:59,,8.317637711026709e-05,-4.08,deepseek-v3,7
deepseek-chat-v3-0324_280,279,deepseek/deepseek-chat-v3-0324,openai/gpt-4o,humor,philosophy,humour|satire|temper|verbal|caustic,False,5,mirth,MAX_TURNS_EXCEEDED,,,False,Hinter: [CLUE] This quality makes people laugh or find things amusing | Hinter: [CLUE] It's a lighthearted trait often found in comedians and cheerful people | Hinter: [CLUE] This cheerful quality can brighten someone's day with laughter or playful amusement | Hinter: [CLUE] It's what makes jokes funny and can lighten the mood in a room | Hinter: [CLUE] This trait involves seeing the funny side of situations and is often paired with laughter in social settings,Guesser: [GUESS] humour | Guesser: [GUESS] wit | Guesser: [GUESS] joviality | Guesser: [GUESS] levity | Guesser: [GUESS] mirth,Hinter: [CLUE] This quality makes people laugh or find things amusing | Guesser: [GUESS] humour | System: 'humour' is not correct. Try again! | Hinter: [CLUE] It's a lighthearted trait often found in comedians and cheerful people | Guesser: [GUESS] wit | System: 'wit' is not correct. Try again! | Hinter: [CLUE] This cheerful quality can brighten someone's day with laughter or playful amusement | Guesser: [GUESS] joviality | System: 'joviality' is not correct. Try again! | Hinter: [CLUE] It's what makes jokes funny and can lighten the mood in a room | Guesser: [GUESS] levity | System: 'levity' is not correct. Try again! | Hinter: [CLUE] This trait involves seeing the funny side of situations and is often paired with laughter in social settings | Guesser: [GUESS] mirth,10,,False,14.74,2025-07-12 16:24:11,,1.5488166189124828e-05,-4.81,deepseek-v3,7
deepseek-chat-v3-0324_344,43,deepseek/deepseek-chat-v3-0324,google/gemini-2.5-pro,backward,general,facing|forward|back|directed|rear,False,5,back,MAX_TURNS_EXCEEDED,,,False,Hinter: [CLUE] Opposite of the way clocks move when they're working correctly | Hinter: [CLUE] Moving in the reverse direction to what's considered normal or expected | Hinter: [CLUE] Not progressing in the usual manner; regressing or retreating | Hinter: [CLUE] The way you might walk if you're moving away from something without turning around | Hinter: [CLUE] The direction you'd go if you were rewinding a tape or video,Guesser: [GUESS] anticlockwise | Guesser: [GUESS] backwards | Guesser: [GUESS] retrograde | Guesser: [GUESS] reverse | Guesser: [GUESS] back,Hinter: [CLUE] Opposite of the way clocks move when they're working correctly | Guesser: [GUESS] anticlockwise | System: 'anticlockwise' is not correct. Try again! | Hinter: [CLUE] Moving in the reverse direction to what's considered normal or expected | Guesser: [GUESS] backwards | System: 'backwards' is not correct. Try again! | Hinter: [CLUE] Not progressing in the usual manner; regressing or retreating | Guesser: [GUESS] retrograde | System: 'retrograde' is not correct. Try again! | Hinter: [CLUE] The way you might walk if you're moving away from something without turning around | Guesser: [GUESS] reverse | System: 'reverse' is not correct. Try again! | Hinter: [CLUE] The direction you'd go if you were rewinding a tape or video | Guesser: [GUESS] back,10,,False,81.81,2025-07-12 16:59:52,,5.128613839913648e-06,-5.29,deepseek-v3,7
deepseek-chat-v3-0324_403,102,deepseek/deepseek-chat-v3-0324,google/gemini-2.5-pro,organization,chemistry,people|social|system|brass|group,False,5,management**Finalizing,MAX_TURNS_EXCEEDED,,,False,"Hinter: [CLUE] A structured arrangement where individuals work together towards common goals | Hinter: [CLUE] An entity that coordinates activities or resources to achieve specific objectives | Hinter: [CLUE] A formal body with defined roles and hierarchy, often established for business or charitable purposes | Hinter: [CLUE] A collective body with a shared purpose, typically involving structured management and planning | Hinter: [CLUE] A structured entity that plans and directs activities, often with departments or teams working in unison","Guesser: [GUESS] organisation | Guesser: [GUESS] agency | Guesser: [GUESS] institution | Guesser: [GUESS] company | Guesser: [GUESS] management**Finalizing the Guess**I've completed my analysis and am ready to make a guess. I've considered the clues, the previous incorrect answers, and the British English requirement. I'm confident in my choice.[GUESS] management","Hinter: [CLUE] A structured arrangement where individuals work together towards common goals | Guesser: [GUESS] organisation | System: 'organisation' is not correct. Try again! | Hinter: [CLUE] An entity that coordinates activities or resources to achieve specific objectives | Guesser: [GUESS] agency | System: 'agency' is not correct. Try again! | Hinter: [CLUE] A formal body with defined roles and hierarchy, often established for business or charitable purposes | Guesser: [GUESS] institution | System: 'institution' is not correct. Try again! | Hinter: [CLUE] A collective body with a shared purpose, typically involving structured management and planning | Guesser: [GUESS] company | System: 'company' is not correct. Try again! | Hinter: [CLUE] A structured entity that plans and directs activities, often with departments or teams working in unison | Guesser: [GUESS] management**Finalizing the Guess**I've completed my analysis and am ready to make a guess. I've considered the clues, the previous incorrect answers, and the British English requirement. I'm confident in my choice.[GUESS] management",11,,False,132.25,2025-07-12 17:50:30,,8.317637711026709e-05,-4.08,deepseek-v3,7
deepseek-chat-v3-0324_580,279,deepseek/deepseek-chat-v3-0324,google/gemini-2.5-pro,humor,philosophy,humour|satire|temper|verbal|caustic,False,5,fun,MAX_TURNS_EXCEEDED,,,False,"Hinter: [CLUE] This is a quality that makes people laugh or find things amusing | Hinter: [CLUE] It's what comedians aim to evoke in their audience, often through wit or amusing situations | Hinter: [CLUE] This trait can lighten the mood and is often found in jokes, funny stories, or playful banter | Hinter: [CLUE] It's a lighthearted quality that brings joy and amusement, often expressed through clever observations or funny anecdotes | Hinter: [CLUE] It's a characteristic that can make everyday situations more enjoyable, often associated with a playful or cheerful outlook",Guesser: [GUESS] humour | Guesser: [GUESS] laughter | Guesser: [GUESS] comedy | Guesser: [GUESS] wit | Guesser: [GUESS] fun,"Hinter: [CLUE] This is a quality that makes people laugh or find things amusing | Guesser: [GUESS] humour | System: 'humour' is not correct. Try again! | Hinter: [CLUE] It's what comedians aim to evoke in their audience, often through wit or amusing situations | Guesser: [GUESS] laughter | System: 'laughter' is not correct. Try again! | Hinter: [CLUE] This trait can lighten the mood and is often found in jokes, funny stories, or playful banter | Guesser: [GUESS] comedy | System: 'comedy' is not correct. Try again! | Hinter: [CLUE] It's a lighthearted quality that brings joy and amusement, often expressed through clever observations or funny anecdotes | Guesser: [GUESS] wit | System: 'wit' is not correct. Try again! | Hinter: [CLUE] It's a characteristic that can make everyday situations more enjoyable, often associated with a playful or cheerful outlook | Guesser: [GUESS] fun",10,,False,80.14,2025-07-12 19:07:24,,1.5488166189124828e-05,-4.81,deepseek-v3,7
deepseek-chat-v3-0324_617,16,deepseek/deepseek-chat-v3-0324,deepseek/deepseek-chat-v3-0324,sensing,general,exists|early|sense|state|feel,False,5,feeling,MAX_TURNS_EXCEEDED,,,False,"Hinter: [CLUE] This describes the ability to detect or perceive information from the environment | Hinter: [CLUE] It's what detectors or receptors do when picking up signals or changes around them | Hinter: [CLUE] The process by which organisms or devices become aware of stimuli in their surroundings | Hinter: [CLUE] It's the action of noticing or becoming conscious of something through physical or technological means | Hinter: [CLUE] The noun form of what happens when you use your faculties to become aware of stimuli, like touch or sound",Guesser: [GUESS] sense | Guesser: [GUESS] detect | Guesser: [GUESS] perception | Guesser: [GUESS] sensation | Guesser: [GUESS] feeling,"Hinter: [CLUE] This describes the ability to detect or perceive information from the environment | Guesser: [GUESS] sense | System: 'sense' is not correct. Try again! | Hinter: [CLUE] It's what detectors or receptors do when picking up signals or changes around them | Guesser: [GUESS] detect | System: 'detect' is not correct. Try again! | Hinter: [CLUE] The process by which organisms or devices become aware of stimuli in their surroundings | Guesser: [GUESS] perception | System: 'perception' is not correct. Try again! | Hinter: [CLUE] It's the action of noticing or becoming conscious of something through physical or technological means | Guesser: [GUESS] sensation | System: 'sensation' is not correct. Try again! | Hinter: [CLUE] The noun form of what happens when you use your faculties to become aware of stimuli, like touch or sound | Guesser: [GUESS] feeling",10,,False,15.91,2025-07-12 19:17:11,,4.365158322401665e-06,-5.359999999999999,deepseek-v3,6
deepseek-chat-v3-0324_644,43,deepseek/deepseek-chat-v3-0324,deepseek/deepseek-chat-v3-0324,backward,general,facing|forward|back|directed|rear,False,5,reverse,MAX_TURNS_EXCEEDED,,,False,"Hinter: [CLUE] Opposite of the way clocks move when they're working properly | Hinter: [CLUE] Moving in the reverse direction to what is considered normal or expected | Hinter: [CLUE] Not progressing; returning to a previous state or position | Hinter: [CLUE] The way you might walk if you're moving away from something while keeping your eyes on it | Hinter: [CLUE] In reverse order or orientation, like writing letters from right to left",Guesser: [GUESS] anticlockwise | Guesser: [GUESS] counterclockwise | Guesser: [GUESS] backwards | Guesser: [GUESS] retreat | Guesser: [GUESS] reverse,"Hinter: [CLUE] Opposite of the way clocks move when they're working properly | Guesser: [GUESS] anticlockwise | System: 'anticlockwise' is not correct. Try again! | Hinter: [CLUE] Moving in the reverse direction to what is considered normal or expected | Guesser: [GUESS] counterclockwise | System: 'counterclockwise' is not correct. Try again! | Hinter: [CLUE] Not progressing; returning to a previous state or position | Guesser: [GUESS] backwards | System: 'backwards' is not correct. Try again! | Hinter: [CLUE] The way you might walk if you're moving away from something while keeping your eyes on it | Guesser: [GUESS] retreat | System: 'retreat' is not correct. Try again! | Hinter: [CLUE] In reverse order or orientation, like writing letters from right to left | Guesser: [GUESS] reverse",10,,False,24.13,2025-07-12 19:24:14,,5.128613839913648e-06,-5.29,deepseek-v3,7
deepseek-chat-v3-0324_703,102,deepseek/deepseek-chat-v3-0324,deepseek/deepseek-chat-v3-0324,organization,chemistry,people|social|system|brass|group,False,5,corporation,MAX_TURNS_EXCEEDED,,,False,"Hinter: [CLUE] A structured entity that coordinates activities or resources to achieve common goals | Hinter: [CLUE] A formal body that arranges or manages tasks, often with a specific purpose or mission | Hinter: [CLUE] An entity that brings together elements in a structured way, often with leadership and departments | Hinter: [CLUE] A collective arrangement with hierarchical structure, such as a business, charity, or sports body | Hinter: [CLUE] A structured arrangement of individuals or entities with a specific purpose or mission",Guesser: [GUESS] organisation | Guesser: [GUESS] institution | Guesser: [GUESS] committee | Guesser: [GUESS] association | Guesser: [GUESS] corporation,"Hinter: [CLUE] A structured entity that coordinates activities or resources to achieve common goals | Guesser: [GUESS] organisation | System: 'organisation' is not correct. Try again! | Hinter: [CLUE] A formal body that arranges or manages tasks, often with a specific purpose or mission | Guesser: [GUESS] institution | System: 'institution' is not correct. Try again! | Hinter: [CLUE] An entity that brings together elements in a structured way, often with leadership and departments | Guesser: [GUESS] committee | System: 'committee' is not correct. Try again! | Hinter: [CLUE] A collective arrangement with hierarchical structure, such as a business, charity, or sports body | Guesser: [GUESS] association | System: 'association' is not correct. Try again! | Hinter: [CLUE] A structured arrangement of individuals or entities with a specific purpose or mission | Guesser: [GUESS] corporation",11,,False,24.16,2025-07-12 19:36:23,,8.317637711026709e-05,-4.08,deepseek-v3,7
deepseek-chat-v3-0324_880,279,deepseek/deepseek-chat-v3-0324,deepseek/deepseek-chat-v3-0324,humor,philosophy,humour|satire|temper|verbal|caustic,False,5,fun,MAX_TURNS_EXCEEDED,,,False,"Hinter: [CLUE] This quality makes people laugh or smile, often found in jokes or comedies | Hinter: [CLUE] It's a light-hearted quality that can lift spirits, often associated with wit or amusing situations | Hinter: [CLUE] It's a trait that brings levity to conversations, sometimes involving clever wordplay or funny observations | Hinter: [CLUE] This characteristic is often seen in stand-up comedians or funny stories, creating laughter without being mean-spirited | Hinter: [CLUE] It's a positive trait that makes situations more enjoyable, often expressed through playful teasing or cheerful banter",Guesser: [GUESS] humour | Guesser: [GUESS] amusement | Guesser: [GUESS] wit | Guesser: [GUESS] comedy | Guesser: [GUESS] fun,"Hinter: [CLUE] This quality makes people laugh or smile, often found in jokes or comedies | Guesser: [GUESS] humour | System: 'humour' is not correct. Try again! | Hinter: [CLUE] It's a light-hearted quality that can lift spirits, often associated with wit or amusing situations | Guesser: [GUESS] amusement | System: 'amusement' is not correct. Try again! | Hinter: [CLUE] It's a trait that brings levity to conversations, sometimes involving clever wordplay or funny observations | Guesser: [GUESS] wit | System: 'wit' is not correct. Try again! | Hinter: [CLUE] This characteristic is often seen in stand-up comedians or funny stories, creating laughter without being mean-spirited | Guesser: [GUESS] comedy | System: 'comedy' is not correct. Try again! | Hinter: [CLUE] It's a positive trait that makes situations more enjoyable, often expressed through playful teasing or cheerful banter | Guesser: [GUESS] fun",10,,False,18.81,2025-07-12 19:56:48,,1.5488166189124828e-05,-4.81,deepseek-v3,7
deepseek-chat-v3-0324_1003,102,deepseek/deepseek-chat-v3-0324,anthropic/claude-sonnet-4,organization,chemistry,people|social|system|brass|group,False,5,corporation,MAX_TURNS_EXCEEDED,,,False,"Hinter: [CLUE] A structured arrangement where individuals work together towards common goals | Hinter: [CLUE] An entity that coordinates activities or resources to achieve specific objectives | Hinter: [CLUE] A formal body with a clear structure, often established to manage tasks or projects efficiently | Hinter: [CLUE] A collective with a hierarchy, often creating order or managing affairs without using the taboo terms | Hinter: [CLUE] A structured entity that plans and directs activities, often with departments or teams working in unison",Guesser: [GUESS] organisation | Guesser: [GUESS] company | Guesser: [GUESS] institution | Guesser: [GUESS] committee | Guesser: [GUESS] corporation,"Hinter: [CLUE] A structured arrangement where individuals work together towards common goals | Guesser: [GUESS] organisation | System: 'organisation' is not correct. Try again! | Hinter: [CLUE] An entity that coordinates activities or resources to achieve specific objectives | Guesser: [GUESS] company | System: 'company' is not correct. Try again! | Hinter: [CLUE] A formal body with a clear structure, often established to manage tasks or projects efficiently | Guesser: [GUESS] institution | System: 'institution' is not correct. Try again! | Hinter: [CLUE] A collective with a hierarchy, often creating order or managing affairs without using the taboo terms | Guesser: [GUESS] committee | System: 'committee' is not correct. Try again! | Hinter: [CLUE] A structured entity that plans and directs activities, often with departments or teams working in unison | Guesser: [GUESS] corporation",10,,False,19.77,2025-07-12 20:26:56,,8.317637711026709e-05,-4.08,deepseek-v3,7
deepseek-chat-v3-0324_1180,279,deepseek/deepseek-chat-v3-0324,anthropic/claude-sonnet-4,humor,philosophy,humour|satire|temper|verbal|caustic,False,5,comedy,MAX_TURNS_EXCEEDED,,,False,"Hinter: [CLUE] This quality makes people laugh or find things amusing without being cruel or harsh | Hinter: [CLUE] It's a lighthearted trait that brings joy through wit and amusement, often found in comedians or cheerful people | Hinter: [CLUE] It's the quality that makes jokes or situations amusing, often associated with a cheerful disposition and playful wit | Hinter: [CLUE] This trait involves seeing the lighter side of life, often expressed through jokes or playful remarks, but not sarcasm or mockery | Hinter: [CLUE] It's what comedians rely on to make audiences chuckle, a quality that lightens moods without being mean-spirited",Guesser: [GUESS] funny | Guesser: [GUESS] humorous | Guesser: [GUESS] humour | Guesser: [GUESS] wit | Guesser: [GUESS] comedy,"Hinter: [CLUE] This quality makes people laugh or find things amusing without being cruel or harsh | Guesser: [GUESS] funny | System: 'funny' is not correct. Try again! | Hinter: [CLUE] It's a lighthearted trait that brings joy through wit and amusement, often found in comedians or cheerful people | Guesser: [GUESS] humorous | System: 'humorous' is not correct. Try again! | Hinter: [CLUE] It's the quality that makes jokes or situations amusing, often associated with a cheerful disposition and playful wit | Guesser: [GUESS] humour | System: 'humour' is not correct. Try again! | Hinter: [CLUE] This trait involves seeing the lighter side of life, often expressed through jokes or playful remarks, but not sarcasm or mockery | Guesser: [GUESS] wit | System: 'wit' is not correct. Try again! | Hinter: [CLUE] It's what comedians rely on to make audiences chuckle, a quality that lightens moods without being mean-spirited | Guesser: [GUESS] comedy",10,,False,32.84,2025-07-12 20:48:34,,1.5488166189124828e-05,-4.81,deepseek-v3,7
