game_id,word_index,hinter_model,guesser_model,target_word,category,taboo_words,success,turns_used,final_guess,failure_reason,taboo_violation_turn,taboo_violation_hint,has_taboo_violation,all_hints,all_guesses,conversation,total_api_attempts,format_errors,has_format_errors,duration_seconds,timestamp,error
deepseek-chat-v3-0324_1,0,deepseek/deepseek-chat-v3-0324,openai/gpt-4o,obtrusively,general,manner|obtrusive|unobtrusively|noticeably|intrusively,False,5,blatantly,MAX_TURNS_EXCEEDED,,,False,Hinter: [CLUE] Doing something in a way that draws unwanted attention or disturbs others | Hinter: [CLUE] Acting in a way that sticks out awkwardly or disrupts the natural flow of things | Hinter: [CLUE] Doing something in a brash or overly prominent way that feels disruptive or lacking subtlety | Hinter: [CLUE] Behaving in a way that forces itself upon others' attention without being invited or welcome | Hinter: [CLUE] The adverb form of behaving in a way that imposes itself crudely or jarringly upon a situation,Guesser: [GUESS] conspicuous | Guesser: [GUESS] obtrusive | Guesser: [GUESS] loud | Guesser: [GUESS] intrusive | Guesser: [GUESS] blatantly,Hinter: [CLUE] Doing something in a way that draws unwanted attention or disturbs others | Guesser: [GUESS] conspicuous | System: 'conspicuous' is not correct. Try again! | Hinter: [CLUE] Acting in a way that sticks out awkwardly or disrupts the natural flow of things | Guesser: [GUESS] obtrusive | System: 'obtrusive' is not correct. Try again! | Hinter: [CLUE] Doing something in a brash or overly prominent way that feels disruptive or lacking subtlety | Guesser: [GUESS] loud | System: 'loud' is not correct. Try again! | Hinter: [CLUE] Behaving in a way that forces itself upon others' attention without being invited or welcome | Guesser: [GUESS] intrusive | System: 'intrusive' is not correct. Try again! | Hinter: [CLUE] The adverb form of behaving in a way that imposes itself crudely or jarringly upon a situation | Guesser: [GUESS] blatantly,10,,False,16.67,2025-07-18 00:37:50,
deepseek-chat-v3-0324_2,1,deepseek/deepseek-chat-v3-0324,openai/gpt-4o,permissively,general,manner|permissive|leniently|freely|tolerantly,False,5,lax,MAX_TURNS_EXCEEDED,,,False,"Hinter: [CLUE] Acting without strict constraints or rigid boundaries | Hinter: [CLUE] Allowing things to happen without interference or harsh judgement | Hinter: [CLUE] Behaving in a way that grants leeway or doesn't enforce rules stringently | Hinter: [CLUE] Doing something in a way that gives others ample room or flexibility, not rigidly | Hinter: [CLUE] Approaching rules or boundaries with a relaxed attitude, not strictly",Guesser: [GUESS] freedom | Guesser: [GUESS] lenient | Guesser: [GUESS] permissive | Guesser: [GUESS] flexible | Guesser: [GUESS] lax,"Hinter: [CLUE] Acting without strict constraints or rigid boundaries | Guesser: [GUESS] freedom | System: 'freedom' is not correct. Try again! | Hinter: [CLUE] Allowing things to happen without interference or harsh judgement | Guesser: [GUESS] lenient | System: 'lenient' is not correct. Try again! | Hinter: [CLUE] Behaving in a way that grants leeway or doesn't enforce rules stringently | Guesser: [GUESS] permissive | System: 'permissive' is not correct. Try again! | Hinter: [CLUE] Doing something in a way that gives others ample room or flexibility, not rigidly | Guesser: [GUESS] flexible | System: 'flexible' is not correct. Try again! | Hinter: [CLUE] Approaching rules or boundaries with a relaxed attitude, not strictly | Guesser: [GUESS] lax",10,,False,16.96,2025-07-18 00:38:07,
deepseek-chat-v3-0324_3,2,deepseek/deepseek-chat-v3-0324,openai/gpt-4o,nervily,general,cheeky|manner|brash|brashly|cheekily,False,5,audacious,MAX_TURNS_EXCEEDED,,,False,"Hinter: [CLUE] Acting with boldness or audacity, perhaps without proper caution | Hinter: [CLUE] Behaving with overconfidence or excessive boldness, sometimes irritatingly so | Hinter: [CLUE] Doing something with reckless confidence, perhaps in a way that might rub others up the wrong way | Hinter: [CLUE] Acting with bold impudence or shamelessness, often in a way that shows a lack of respect for boundaries | Hinter: [CLUE] Behaving with a bold, almost reckless confidence, often in a way that might seem impudent or lacking in restraint",Guesser: [GUESS] daring | Guesser: [GUESS] brash | Guesser: [GUESS] brazen | Guesser: [GUESS] cheeky | Guesser: [GUESS] audacious,"Hinter: [CLUE] Acting with boldness or audacity, perhaps without proper caution | Guesser: [GUESS] daring | System: 'daring' is not correct. Try again! | Hinter: [CLUE] Behaving with overconfidence or excessive boldness, sometimes irritatingly so | Guesser: [GUESS] brash | System: 'brash' is not correct. Try again! | Hinter: [CLUE] Doing something with reckless confidence, perhaps in a way that might rub others up the wrong way | Guesser: [GUESS] brazen | System: 'brazen' is not correct. Try again! | Hinter: [CLUE] Acting with bold impudence or shamelessness, often in a way that shows a lack of respect for boundaries | Guesser: [GUESS] cheeky | System: 'cheeky' is not correct. Try again! | Hinter: [CLUE] Behaving with a bold, almost reckless confidence, often in a way that might seem impudent or lacking in restraint | Guesser: [GUESS] audacious",10,,False,19.11,2025-07-18 00:38:26,
deepseek-chat-v3-0324_4,3,deepseek/deepseek-chat-v3-0324,openai/gpt-4o,past,general,given|point|pass|by|beyond,True,1,past,,,,False,"Hinter: [CLUE] A period of time that has already occurred, opposite of future",Guesser: [GUESS] past,"Hinter: [CLUE] A period of time that has already occurred, opposite of future | Guesser: [GUESS] past",2,,False,3.11,2025-07-18 00:38:30,
deepseek-chat-v3-0324_5,4,deepseek/deepseek-chat-v3-0324,openai/gpt-4o,chattily,general,chatty|manner|volubly|talkatively|conversationally,True,2,chattily,,,,False,"Hinter: [CLUE] This describes how someone might speak when they're excessively fond of sharing thoughts | Hinter: [CLUE] This adverb describes speaking in a lively, informal way, often at length",Guesser: [GUESS] garrulous | Guesser: [GUESS] chattily,"Hinter: [CLUE] This describes how someone might speak when they're excessively fond of sharing thoughts | Guesser: [GUESS] garrulous | System: 'garrulous' is not correct. Try again! | Hinter: [CLUE] This adverb describes speaking in a lively, informal way, often at length | Guesser: [GUESS] chattily",4,,False,7.96,2025-07-18 00:38:38,
deepseek-chat-v3-0324_6,5,deepseek/deepseek-chat-v3-0324,openai/gpt-4o,forbiddingly,general,manner|menacing|unpleasant|threateningly|intimidatingly,True,5,forbiddingly,,,,False,"Hinter: [CLUE] This word describes something that seems to push you away or discourage approach, like a high wall or a stern expression | Hinter: [CLUE] This word suggests an aura or presence that makes others feel they shouldn't or can't proceed, like a castle's guarded gate | Hinter: [CLUE] Think of how a stern teacher's expression might make students hesitate to speak up - this word is the adverb form of that concept | Hinter: [CLUE] This word describes how something might appear when it strongly discourages entry or approach, like a fortress with a ""no trespassing"" sign would look | Hinter: [CLUE] This adverb captures how certain places or people might seem to say ""keep out"" without speaking, through their very appearance or demeanour",Guesser: [GUESS] deterrent | Guesser: [GUESS] forbidding | Guesser: [GUESS] intimidating | Guesser: [GUESS] unapproachable | Guesser: [GUESS] forbiddingly,"Hinter: [CLUE] This word describes something that seems to push you away or discourage approach, like a high wall or a stern expression | Guesser: [GUESS] deterrent | System: 'deterrent' is not correct. Try again! | Hinter: [CLUE] This word suggests an aura or presence that makes others feel they shouldn't or can't proceed, like a castle's guarded gate | Guesser: [GUESS] forbidding | System: 'forbidding' is not correct. Try again! | Hinter: [CLUE] Think of how a stern teacher's expression might make students hesitate to speak up - this word is the adverb form of that concept | Guesser: [GUESS] intimidating | System: 'intimidating' is not correct. Try again! | Hinter: [CLUE] This word describes how something might appear when it strongly discourages entry or approach, like a fortress with a ""no trespassing"" sign would look | Guesser: [GUESS] unapproachable | System: 'unapproachable' is not correct. Try again! | Hinter: [CLUE] This adverb captures how certain places or people might seem to say ""keep out"" without speaking, through their very appearance or demeanour | Guesser: [GUESS] forbiddingly",10,,False,20.64,2025-07-18 00:38:59,
deepseek-chat-v3-0324_7,6,deepseek/deepseek-chat-v3-0324,openai/gpt-4o,sneakingly,general,manner|sneaky|furtively|stealthily|covertly,False,5,quietly,MAX_TURNS_EXCEEDED,,,False,"Hinter: [CLUE] Acting in a way meant to avoid being noticed or heard | Hinter: [CLUE] Moving or behaving in a way that tries not to attract attention, like a cat stalking prey | Hinter: [CLUE] Doing something in a quiet, secretive way, often to avoid detection or disturbance | Hinter: [CLUE] Advancing or acting in a hushed, cautious fashion, as if trying not to be seen or heard | Hinter: [CLUE] Behaving in a quiet, underhand, or secretive fashion, often with an -ly ending to describe the action",Guesser: [GUESS] stealthy | Guesser: [GUESS] sneaky | Guesser: [GUESS] furtive | Guesser: [GUESS] stealth | Guesser: [GUESS] quietly,"Hinter: [CLUE] Acting in a way meant to avoid being noticed or heard | Guesser: [GUESS] stealthy | System: 'stealthy' is not correct. Try again! | Hinter: [CLUE] Moving or behaving in a way that tries not to attract attention, like a cat stalking prey | Guesser: [GUESS] sneaky | System: 'sneaky' is not correct. Try again! | Hinter: [CLUE] Doing something in a quiet, secretive way, often to avoid detection or disturbance | Guesser: [GUESS] furtive | System: 'furtive' is not correct. Try again! | Hinter: [CLUE] Advancing or acting in a hushed, cautious fashion, as if trying not to be seen or heard | Guesser: [GUESS] stealth | System: 'stealth' is not correct. Try again! | Hinter: [CLUE] Behaving in a quiet, underhand, or secretive fashion, often with an -ly ending to describe the action | Guesser: [GUESS] quietly",10,,False,19.82,2025-07-18 00:39:19,
deepseek-chat-v3-0324_8,7,deepseek/deepseek-chat-v3-0324,openai/gpt-4o,wickedly,general,evilly|manner|wicked|evil|sinfully,False,5,cheekily,MAX_TURNS_EXCEEDED,,,False,"Hinter: [CLUE] This describes how someone might behave in a mischievous or morally wrong way, often with a sense of enjoyment | Hinter: [CLUE] This adverb suggests acting in a way that's deliberately naughty or morally dubious, with a hint of playful mischief | Hinter: [CLUE] Think of an adverb that describes behaving with a cheeky or rebellious flair, often while knowing it's not quite right | Hinter: [CLUE] This adverb conveys acting with a roguish or unrepentant charm, often flouting rules or norms for fun | Hinter: [CLUE] This adverb describes how someone might act with a sly, playful disregard for what's proper, often while enjoying the transgression",Guesser: [GUESS] wicked | Guesser: [GUESS] naughtily | Guesser: [GUESS] impishly | Guesser: [GUESS] roguishly | Guesser: [GUESS] cheekily,"Hinter: [CLUE] This describes how someone might behave in a mischievous or morally wrong way, often with a sense of enjoyment | Guesser: [GUESS] wicked | System: 'wicked' is not correct. Try again! | Hinter: [CLUE] This adverb suggests acting in a way that's deliberately naughty or morally dubious, with a hint of playful mischief | Guesser: [GUESS] naughtily | System: 'naughtily' is not correct. Try again! | Hinter: [CLUE] Think of an adverb that describes behaving with a cheeky or rebellious flair, often while knowing it's not quite right | Guesser: [GUESS] impishly | System: 'impishly' is not correct. Try again! | Hinter: [CLUE] This adverb conveys acting with a roguish or unrepentant charm, often flouting rules or norms for fun | Guesser: [GUESS] roguishly | System: 'roguishly' is not correct. Try again! | Hinter: [CLUE] This adverb describes how someone might act with a sly, playful disregard for what's proper, often while enjoying the transgression | Guesser: [GUESS] cheekily",10,,False,17.17,2025-07-18 00:39:36,
deepseek-chat-v3-0324_9,8,deepseek/deepseek-chat-v3-0324,openai/gpt-4o,tonight,general,night|present|this|thisnight|thisevening,True,4,tonight,,,,False,"Hinter: [CLUE] The period after sunset when stars become visible | Hinter: [CLUE] The latter part of the current day, when many people relax after work | Hinter: [CLUE] The time occurring later in the same day you're currently experiencing | Hinter: [CLUE] The remaining hours of today, when plans or events are often scheduled",Guesser: [GUESS] twilight | Guesser: [GUESS] evening | Guesser: [GUESS] night | Guesser: [GUESS] tonight,"Hinter: [CLUE] The period after sunset when stars become visible | Guesser: [GUESS] twilight | System: 'twilight' is not correct. Try again! | Hinter: [CLUE] The latter part of the current day, when many people relax after work | Guesser: [GUESS] evening | System: 'evening' is not correct. Try again! | Hinter: [CLUE] The time occurring later in the same day you're currently experiencing | Guesser: [GUESS] night | System: 'night' is not correct. Try again! | Hinter: [CLUE] The remaining hours of today, when plans or events are often scheduled | Guesser: [GUESS] tonight",8,,False,18.38,2025-07-18 00:39:55,
deepseek-chat-v3-0324_10,9,deepseek/deepseek-chat-v3-0324,openai/gpt-4o,concisely,general,manner|briefly|concise|inbrief|inshort,True,5,concisely,,,,False,"Hinter: [CLUE] To express something without unnecessary words, doing so in a compact way | Hinter: [CLUE] To say or write something using only the most essential words, avoiding lengthy explanations | Hinter: [CLUE] An adverb describing how one might communicate when being economical with words, getting straight to the point | Hinter: [CLUE] The way you might speak or write when trimming all superfluous details, leaving only what's strictly needed | Hinter: [CLUE] An adverb meaning to communicate with precision and efficiency, where every word carries weight and nothing is wasted",Guesser: [GUESS] concise | Guesser: [GUESS] succinct | Guesser: [GUESS] tersely | Guesser: [GUESS] briefly | Guesser: [GUESS] concisely,"Hinter: [CLUE] To express something without unnecessary words, doing so in a compact way | Guesser: [GUESS] concise | System: 'concise' is not correct. Try again! | Hinter: [CLUE] To say or write something using only the most essential words, avoiding lengthy explanations | Guesser: [GUESS] succinct | System: 'succinct' is not correct. Try again! | Hinter: [CLUE] An adverb describing how one might communicate when being economical with words, getting straight to the point | Guesser: [GUESS] tersely | System: 'tersely' is not correct. Try again! | Hinter: [CLUE] The way you might speak or write when trimming all superfluous details, leaving only what's strictly needed | Guesser: [GUESS] briefly | System: 'briefly' is not correct. Try again! | Hinter: [CLUE] An adverb meaning to communicate with precision and efficiency, where every word carries weight and nothing is wasted | Guesser: [GUESS] concisely",10,,False,11.04,2025-07-18 00:40:07,
deepseek-chat-v3-0324_11,10,deepseek/deepseek-chat-v3-0324,openai/gpt-4o,p.m.,general,midnight|noon|post|postmeridiem|afternoon,False,5,p.m,MAX_TURNS_EXCEEDED,,,False,"Hinter: [CLUE] This abbreviation indicates the latter half of a 12-hour clock cycle, coming after the morning period | Hinter: [CLUE] This two-letter abbreviation is used to distinguish evening hours from morning ones on a 12-hour timepiece | Hinter: [CLUE] This Latin-derived abbreviation follows the hour when the sun is below the horizon in a 12-hour format | Hinter: [CLUE] This shortened form, often written with full stops, denotes the time between late morning and night in a 12-hour system | Hinter: [CLUE] This two-character time indicator uses periods after each letter and appears on digital clocks in the UK to show hours after 12:00 but before 24:00",Guesser: [GUESS] PM | Guesser: [GUESS] PM | Guesser: [GUESS] PM | Guesser: [GUESS] P.M. | Guesser: [GUESS] p.m.,"Hinter: [CLUE] This abbreviation indicates the latter half of a 12-hour clock cycle, coming after the morning period | Guesser: [GUESS] PM | System: 'PM' is not correct. Try again! | Hinter: [CLUE] This two-letter abbreviation is used to distinguish evening hours from morning ones on a 12-hour timepiece | Guesser: [GUESS] PM | System: 'PM' is not correct. Try again! | Hinter: [CLUE] This Latin-derived abbreviation follows the hour when the sun is below the horizon in a 12-hour format | Guesser: [GUESS] PM | System: 'PM' is not correct. Try again! | Hinter: [CLUE] This shortened form, often written with full stops, denotes the time between late morning and night in a 12-hour system | Guesser: [GUESS] P.M. | System: 'P.M' is not correct. Try again! | Hinter: [CLUE] This two-character time indicator uses periods after each letter and appears on digital clocks in the UK to show hours after 12:00 but before 24:00 | Guesser: [GUESS] p.m.",10,,False,11.33,2025-07-18 00:40:18,
deepseek-chat-v3-0324_12,11,deepseek/deepseek-chat-v3-0324,openai/gpt-4o,insanely,general,insane|manner|sanely|crazily|madly,True,2,insanely,,,,False,"Hinter: [CLUE] To an extreme or unreasonable degree, often used to describe how much something is done | Hinter: [CLUE] An adverb meaning to a wildly irrational or illogical extent, similar to ""extremely"" but more intense",Guesser: [GUESS] excessively | Guesser: [GUESS] insanely,"Hinter: [CLUE] To an extreme or unreasonable degree, often used to describe how much something is done | Guesser: [GUESS] excessively | System: 'excessively' is not correct. Try again! | Hinter: [CLUE] An adverb meaning to a wildly irrational or illogical extent, similar to ""extremely"" but more intense | Guesser: [GUESS] insanely",4,,False,7.95,2025-07-18 00:40:26,
deepseek-chat-v3-0324_13,12,deepseek/deepseek-chat-v3-0324,openai/gpt-4o,capably,general,manner|aptly|capable|ably|competent,True,4,capably,,,,False,"Hinter: [CLUE] This describes doing something with skill and efficiency | Hinter: [CLUE] It's an adverb meaning to perform a task well, similar to ""skilfully"" or ""effectively"" | Hinter: [CLUE] Think of how you'd describe someone completing a task with expertise and without mistakes | Hinter: [CLUE] This word starts with 'cap' and ends with 'ly', describing how a professional might handle a situation",Guesser: [GUESS] proficiency | Guesser: [GUESS] efficiently | Guesser: [GUESS] competently | Guesser: [GUESS] capably,"Hinter: [CLUE] This describes doing something with skill and efficiency | Guesser: [GUESS] proficiency | System: 'proficiency' is not correct. Try again! | Hinter: [CLUE] It's an adverb meaning to perform a task well, similar to ""skilfully"" or ""effectively"" | Guesser: [GUESS] efficiently | System: 'efficiently' is not correct. Try again! | Hinter: [CLUE] Think of how you'd describe someone completing a task with expertise and without mistakes | Guesser: [GUESS] competently | System: 'competently' is not correct. Try again! | Hinter: [CLUE] This word starts with 'cap' and ends with 'ly', describing how a professional might handle a situation | Guesser: [GUESS] capably",8,,False,15.64,2025-07-18 00:40:42,
deepseek-chat-v3-0324_14,13,deepseek/deepseek-chat-v3-0324,openai/gpt-4o,low,general,ground|position|down|beneath|bottom,True,1,low,,,,False,"Hinter: [CLUE] This describes something not reaching great heights, often the opposite of high",Guesser: [GUESS] low,"Hinter: [CLUE] This describes something not reaching great heights, often the opposite of high | Guesser: [GUESS] low",2,,False,5.22,2025-07-18 00:40:48,
deepseek-chat-v3-0324_15,14,deepseek/deepseek-chat-v3-0324,openai/gpt-4o,kinda,general,extent|kindof|rather|sortof|great,True,3,kinda,,,,False,"Hinter: [CLUE] This word is used to soften a statement, making it less definite or absolute | Hinter: [CLUE] It's a casual way to say ""to some degree"" or ""in a way,"" often used in informal speech | Hinter: [CLUE] This word rhymes with ""Linda"" and can replace ""a bit"" in many sentences",Guesser: [GUESS] perhaps | Guesser: [GUESS] sort | Guesser: [GUESS] kinda,"Hinter: [CLUE] This word is used to soften a statement, making it less definite or absolute | Guesser: [GUESS] perhaps | System: 'perhaps' is not correct. Try again! | Hinter: [CLUE] It's a casual way to say ""to some degree"" or ""in a way,"" often used in informal speech | Guesser: [GUESS] sort | System: 'sort' is not correct. Try again! | Hinter: [CLUE] This word rhymes with ""Linda"" and can replace ""a bit"" in many sentences | Guesser: [GUESS] kinda",6,,False,9.25,2025-07-18 00:40:57,
deepseek-chat-v3-0324_16,15,deepseek/deepseek-chat-v3-0324,openai/gpt-4o,inquiringly,general,manner|inquiring|enquiringly|questioningly|curiously,False,5,attentively,MAX_TURNS_EXCEEDED,,,False,"Hinter: [CLUE] This adverb describes how someone might look when they want to know more about something | Hinter: [CLUE] This word ends with -ly and describes the way someone might tilt their head when seeking information | Hinter: [CLUE] Think of how a detective might study a clue, with a raised eyebrow and tilted head, showing they're eager to understand | Hinter: [CLUE] This adverb suggests a look or tone that shows someone is eager for answers, often with a slight lean forward or intense focus | Hinter: [CLUE] Imagine someone listening with keen interest, their expression showing they're ready to absorb every detail, often with a slight head tilt",Guesser: [GUESS] curiously | Guesser: [GUESS] inquisitively | Guesser: [GUESS] questioningly | Guesser: [GUESS] intently | Guesser: [GUESS] attentively,"Hinter: [CLUE] This adverb describes how someone might look when they want to know more about something | Guesser: [GUESS] curiously | System: 'curiously' is not correct. Try again! | Hinter: [CLUE] This word ends with -ly and describes the way someone might tilt their head when seeking information | Guesser: [GUESS] inquisitively | System: 'inquisitively' is not correct. Try again! | Hinter: [CLUE] Think of how a detective might study a clue, with a raised eyebrow and tilted head, showing they're eager to understand | Guesser: [GUESS] questioningly | System: 'questioningly' is not correct. Try again! | Hinter: [CLUE] This adverb suggests a look or tone that shows someone is eager for answers, often with a slight lean forward or intense focus | Guesser: [GUESS] intently | System: 'intently' is not correct. Try again! | Hinter: [CLUE] Imagine someone listening with keen interest, their expression showing they're ready to absorb every detail, often with a slight head tilt | Guesser: [GUESS] attentively",10,,False,14.79,2025-07-18 00:41:13,
deepseek-chat-v3-0324_17,16,deepseek/deepseek-chat-v3-0324,openai/gpt-4o,often,general,short|times|many|ofttimes|intervals,True,1,often,,,,False,"Hinter: [CLUE] This describes how frequently something occurs, more than occasionally but less than always",Guesser: [GUESS] often,"Hinter: [CLUE] This describes how frequently something occurs, more than occasionally but less than always | Guesser: [GUESS] often",2,,False,4.82,2025-07-18 00:41:18,
deepseek-chat-v3-0324_18,17,deepseek/deepseek-chat-v3-0324,openai/gpt-4o,con,general,opinion|pro|opposition|proposition|against,False,2,TABOO_VIOLATION: Hinter违反规则,TABOO_VIOLATION,2.0,"Short for a disadvantage or drawback, often paired with ""pros and..."" in decision-making",True,"Hinter: [CLUE] A person who deceives others for personal gain, often associated with trickery or fraud",Guesser: [GUESS] conman,"Hinter: [CLUE] A person who deceives others for personal gain, often associated with trickery or fraud | Guesser: [GUESS] conman | System: 'conman' is not correct. Try again!",3,,False,5.49,2025-07-18 00:41:23,"TABOO_VIOLATION: Hinter在第2轮违反规则，说了禁用词: Short for a disadvantage or drawback, often paired with ""pros and..."" in decision-making"
deepseek-chat-v3-0324_19,18,deepseek/deepseek-chat-v3-0324,openai/gpt-4o,centennially,general,century|years|centenary|hundredth|anniversary,True,3,centennially,,,,False,"Hinter: [CLUE] This describes something occurring once every ten decades | Hinter: [CLUE] This adverb describes an event that happens once in the span of ten decades | Hinter: [CLUE] Think of the Latin root for ""one hundred"" combined with an adverb ending, describing an event's frequency over a long timespan",Guesser: [GUESS] centennial | Guesser: [GUESS] decennially | Guesser: [GUESS] centennially,"Hinter: [CLUE] This describes something occurring once every ten decades | Guesser: [GUESS] centennial | System: 'centennial' is not correct. Try again! | Hinter: [CLUE] This adverb describes an event that happens once in the span of ten decades | Guesser: [GUESS] decennially | System: 'decennially' is not correct. Try again! | Hinter: [CLUE] Think of the Latin root for ""one hundred"" combined with an adverb ending, describing an event's frequency over a long timespan | Guesser: [GUESS] centennially",6,,False,8.25,2025-07-18 00:41:32,
deepseek-chat-v3-0324_20,19,deepseek/deepseek-chat-v3-0324,openai/gpt-4o,unmemorably,general,manner|memorably|unmemorable|forgettably|indistinctly,True,4,unmemorably,,,,False,Hinter: [CLUE] This describes how something might pass without leaving a lasting impression | Hinter: [CLUE] It's how a bland event might fade from your mind without standing out | Hinter: [CLUE] It's an adverb describing how something might slip from memory without making a mark | Hinter: [CLUE] It's how a performance might be described if it fails to linger in the audience's thoughts afterwards,Guesser: [GUESS] ephemeral | Guesser: [GUESS] forgettable | Guesser: [GUESS] inconspicuously | Guesser: [GUESS] unmemorably,Hinter: [CLUE] This describes how something might pass without leaving a lasting impression | Guesser: [GUESS] ephemeral | System: 'ephemeral' is not correct. Try again! | Hinter: [CLUE] It's how a bland event might fade from your mind without standing out | Guesser: [GUESS] forgettable | System: 'forgettable' is not correct. Try again! | Hinter: [CLUE] It's an adverb describing how something might slip from memory without making a mark | Guesser: [GUESS] inconspicuously | System: 'inconspicuously' is not correct. Try again! | Hinter: [CLUE] It's how a performance might be described if it fails to linger in the audience's thoughts afterwards | Guesser: [GUESS] unmemorably,8,,False,10.09,2025-07-18 00:41:42,
deepseek-chat-v3-0324_21,20,deepseek/deepseek-chat-v3-0324,openai/gpt-4o,dispensed,general,bestow|parcel|allot|dealout|dishout,True,2,dispensed,,,,False,"Hinter: [CLUE] This is what a pharmacist does with medicine or a machine does with drinks when you insert coins | Hinter: [CLUE] The past tense form of when something is given out or made available, like cash from an ATM or justice in a court",Guesser: [GUESS] dispense | Guesser: [GUESS] dispensed,"Hinter: [CLUE] This is what a pharmacist does with medicine or a machine does with drinks when you insert coins | Guesser: [GUESS] dispense | System: 'dispense' is not correct. Try again! | Hinter: [CLUE] The past tense form of when something is given out or made available, like cash from an ATM or justice in a court | Guesser: [GUESS] dispensed",4,,False,6.01,2025-07-18 00:41:49,
deepseek-chat-v3-0324_22,21,deepseek/deepseek-chat-v3-0324,openai/gpt-4o,bevel,general,chamfer|miter|shape|cone|angle,True,1,bevel,,,,False,Hinter: [CLUE] This is a sloped edge often seen on furniture or glass where two surfaces meet diagonally,Guesser: [GUESS] bevel,Hinter: [CLUE] This is a sloped edge often seen on furniture or glass where two surfaces meet diagonally | Guesser: [GUESS] bevel,2,,False,3.13,2025-07-18 00:41:52,
deepseek-chat-v3-0324_23,22,deepseek/deepseek-chat-v3-0324,openai/gpt-4o,mushroom,general,gather|pluck|cull|pick|mushrooms,True,1,mushroom,,,,False,"Hinter: [CLUE] This fungi grows in damp, shaded areas and is often found in woodlands",Guesser: [GUESS] mushroom,"Hinter: [CLUE] This fungi grows in damp, shaded areas and is often found in woodlands | Guesser: [GUESS] mushroom",2,,False,3.85,2025-07-18 00:41:56,
deepseek-chat-v3-0324_24,23,deepseek/deepseek-chat-v3-0324,openai/gpt-4o,believing,general,accept|believe|swear|trust|bank,True,2,believing,,,,False,"Hinter: [CLUE] This describes having confidence in something without proof, often associated with faith or conviction | Hinter: [CLUE] It's the present participle form of thinking something is true or real, often linked to having faith in an idea",Guesser: [GUESS] belief | Guesser: [GUESS] believing,"Hinter: [CLUE] This describes having confidence in something without proof, often associated with faith or conviction | Guesser: [GUESS] belief | System: 'belief' is not correct. Try again! | Hinter: [CLUE] It's the present participle form of thinking something is true or real, often linked to having faith in an idea | Guesser: [GUESS] believing",4,,False,4.58,2025-07-18 00:42:01,
deepseek-chat-v3-0324_25,24,deepseek/deepseek-chat-v3-0324,openai/gpt-4o,caulk,general,calk|caulking|seal|fill|grout,True,3,caulk,,,,False,"Hinter: [CLUE] This material is used to prevent leaks around baths and sinks by smoothing it into gaps | Hinter: [CLUE] This waterproof compound is applied with a gun or tube to join surfaces in bathrooms and kitchens | Hinter: [CLUE] Plumbers often use this flexible substance to block water from seeping through joints, applying it with a nozzle",Guesser: [GUESS] sealant | Guesser: [GUESS] silicone | Guesser: [GUESS] caulk,"Hinter: [CLUE] This material is used to prevent leaks around baths and sinks by smoothing it into gaps | Guesser: [GUESS] sealant | System: 'sealant' is not correct. Try again! | Hinter: [CLUE] This waterproof compound is applied with a gun or tube to join surfaces in bathrooms and kitchens | Guesser: [GUESS] silicone | System: 'silicone' is not correct. Try again! | Hinter: [CLUE] Plumbers often use this flexible substance to block water from seeping through joints, applying it with a nozzle | Guesser: [GUESS] caulk",6,,False,10.25,2025-07-18 00:42:12,
deepseek-chat-v3-0324_26,25,deepseek/deepseek-chat-v3-0324,openai/gpt-4o,ranking,general,others|place|come|position|rank,True,2,ranking,,,,False,Hinter: [CLUE] This describes how things are ordered from first to last in a list or competition | Hinter: [CLUE] It's a system for determining who is above or below whom in a hierarchy or competition,Guesser: [GUESS] sequence | Guesser: [GUESS] ranking,Hinter: [CLUE] This describes how things are ordered from first to last in a list or competition | Guesser: [GUESS] sequence | System: 'sequence' is not correct. Try again! | Hinter: [CLUE] It's a system for determining who is above or below whom in a hierarchy or competition | Guesser: [GUESS] ranking,4,,False,4.91,2025-07-18 00:42:17,
deepseek-chat-v3-0324_27,26,deepseek/deepseek-chat-v3-0324,openai/gpt-4o,farm,general,farmer|ranch|work|cultivate|agriculture,True,1,farm,,,,False,Hinter: [CLUE] This is a place where crops grow and animals are raised for food,Guesser: [GUESS] farm,Hinter: [CLUE] This is a place where crops grow and animals are raised for food | Guesser: [GUESS] farm,2,,False,2.34,2025-07-18 00:42:20,
deepseek-chat-v3-0324_28,27,deepseek/deepseek-chat-v3-0324,openai/gpt-4o,brooks,general,digest|endure|permit|suffer|abide,True,1,brooks,,,,False,Hinter: [CLUE] Small streams of water that flow through the countryside,Guesser: [GUESS] brooks,Hinter: [CLUE] Small streams of water that flow through the countryside | Guesser: [GUESS] brooks,2,,False,2.44,2025-07-18 00:42:22,
deepseek-chat-v3-0324_29,0,deepseek/deepseek-chat-v3-0324,google/gemini-2.5-pro,obtrusively,general,manner|obtrusive|unobtrusively|noticeably|intrusively,True,1,Obtrusively,,,,False,Hinter: [CLUE] Doing something in a way that draws unwanted attention or disturbs others,Guesser: [GUESS] Obtrusively,Hinter: [CLUE] Doing something in a way that draws unwanted attention or disturbs others | Guesser: [GUESS] Obtrusively,2,,False,22.03,2025-07-18 00:42:45,
deepseek-chat-v3-0324_30,1,deepseek/deepseek-chat-v3-0324,google/gemini-2.5-pro,permissively,general,manner|permissive|leniently|freely|tolerantly,False,5,laxly,MAX_TURNS_EXCEEDED,,,False,"Hinter: [CLUE] Acting without strict constraints, allowing things to proceed without much restriction | Hinter: [CLUE] In a way that gives others leeway or doesn't enforce rigid rules | Hinter: [CLUE] Describes how one might handle rules when being accommodating or not overly strict | Hinter: [CLUE] In a way that grants more latitude or flexibility, often with rules or boundaries | Hinter: [CLUE] How a relaxed authority figure might let things happen, without tight control",Guesser: [GUESS] loose | Guesser: [GUESS] loosely | Guesser: [GUESS] leniently | Guesser: [GUESS] liberally | Guesser: [GUESS] laxly,"Hinter: [CLUE] Acting without strict constraints, allowing things to proceed without much restriction | Guesser: [GUESS] loose | System: 'loose' is not correct. Try again! | Hinter: [CLUE] In a way that gives others leeway or doesn't enforce rigid rules | Guesser: [GUESS] loosely | System: 'loosely' is not correct. Try again! | Hinter: [CLUE] Describes how one might handle rules when being accommodating or not overly strict | Guesser: [GUESS] leniently | System: 'leniently' is not correct. Try again! | Hinter: [CLUE] In a way that grants more latitude or flexibility, often with rules or boundaries | Guesser: [GUESS] liberally | System: 'liberally' is not correct. Try again! | Hinter: [CLUE] How a relaxed authority figure might let things happen, without tight control | Guesser: [GUESS] laxly",10,,False,79.65,2025-07-18 00:44:05,
deepseek-chat-v3-0324_31,2,deepseek/deepseek-chat-v3-0324,google/gemini-2.5-pro,nervily,general,cheeky|manner|brash|brashly|cheekily,False,5,presumptuous,MAX_TURNS_EXCEEDED,,,False,"Hinter: [CLUE] Acting with bold confidence, perhaps in a way that might raise eyebrows | Hinter: [CLUE] Behaving with overconfident boldness, sometimes without thinking of consequences | Hinter: [CLUE] Showing boldness or confidence in a way that might seem overly forward or lacking restraint | Hinter: [CLUE] Doing something with bold impudence or shamelessness, often crossing social boundaries without hesitation | Hinter: [CLUE] Acting with bold, almost reckless confidence, as if unaware or unconcerned about potential disapproval",Guesser: [GUESS] audacious | Guesser: [GUESS] brash | Guesser: [GUESS] brazen | Guesser: [GUESS] cheeky | Guesser: [GUESS] presumptuous,"Hinter: [CLUE] Acting with bold confidence, perhaps in a way that might raise eyebrows | Guesser: [GUESS] audacious | System: 'audacious' is not correct. Try again! | Hinter: [CLUE] Behaving with overconfident boldness, sometimes without thinking of consequences | Guesser: [GUESS] brash | System: 'brash' is not correct. Try again! | Hinter: [CLUE] Showing boldness or confidence in a way that might seem overly forward or lacking restraint | Guesser: [GUESS] brazen | System: 'brazen' is not correct. Try again! | Hinter: [CLUE] Doing something with bold impudence or shamelessness, often crossing social boundaries without hesitation | Guesser: [GUESS] cheeky | System: 'cheeky' is not correct. Try again! | Hinter: [CLUE] Acting with bold, almost reckless confidence, as if unaware or unconcerned about potential disapproval | Guesser: [GUESS] presumptuous",11,,False,125.72,2025-07-18 00:46:11,
deepseek-chat-v3-0324_32,3,deepseek/deepseek-chat-v3-0324,google/gemini-2.5-pro,past,general,given|point|pass|by|beyond,True,1,past,,,,False,"Hinter: [CLUE] A period of time that has already occurred, opposite of future",Guesser: [GUESS] past,"Hinter: [CLUE] A period of time that has already occurred, opposite of future | Guesser: [GUESS] past",2,,False,9.31,2025-07-18 00:46:20,
deepseek-chat-v3-0324_33,4,deepseek/deepseek-chat-v3-0324,google/gemini-2.5-pro,chattily,general,chatty|manner|volubly|talkatively|conversationally,False,5,Chatteringly,MAX_TURNS_EXCEEDED,,,False,"Hinter: [CLUE] In a lively, informal way of speaking with many words | Hinter: [CLUE] How someone might speak when excited, rapidly and without pauses | Hinter: [CLUE] In a sociable, expressive fashion, often with rapid exchanges | Hinter: [CLUE] How a person might speak when full of news, with words flowing freely | Hinter: [CLUE] In a way that suggests someone is fond of sharing stories or gossip, with words tumbling out quickly",Guesser: [GUESS] Chatty | Guesser: [GUESS] Gabbling | Guesser: [GUESS] Animatedly | Guesser: [GUESS] Volubly | Guesser: [GUESS] Chatteringly,"Hinter: [CLUE] In a lively, informal way of speaking with many words | Guesser: [GUESS] Chatty | System: 'Chatty' is not correct. Try again! | Hinter: [CLUE] How someone might speak when excited, rapidly and without pauses | Guesser: [GUESS] Gabbling | System: 'Gabbling' is not correct. Try again! | Hinter: [CLUE] In a sociable, expressive fashion, often with rapid exchanges | Guesser: [GUESS] Animatedly | System: 'Animatedly' is not correct. Try again! | Hinter: [CLUE] How a person might speak when full of news, with words flowing freely | Guesser: [GUESS] Volubly | System: 'Volubly' is not correct. Try again! | Hinter: [CLUE] In a way that suggests someone is fond of sharing stories or gossip, with words tumbling out quickly | Guesser: [GUESS] Chatteringly",11,,False,124.76,2025-07-18 00:48:25,
deepseek-chat-v3-0324_34,5,deepseek/deepseek-chat-v3-0324,google/gemini-2.5-pro,forbiddingly,general,manner|menacing|unpleasant|threateningly|intimidatingly,True,2,forbiddingly,,,,False,"Hinter: [CLUE] This word describes something that strongly discourages approach or entry, like a fortress or a stern rule | Hinter: [CLUE] It's an adverb that suggests an air of sternness or unapproachability, often used to describe how a barrier or glare might appear",Guesser: [GUESS] forbidding | Guesser: [GUESS] forbiddingly,"Hinter: [CLUE] This word describes something that strongly discourages approach or entry, like a fortress or a stern rule | Guesser: [GUESS] forbidding | System: 'forbidding' is not correct. Try again! | Hinter: [CLUE] It's an adverb that suggests an air of sternness or unapproachability, often used to describe how a barrier or glare might appear | Guesser: [GUESS] forbiddingly",4,,False,30.33,2025-07-18 00:48:56,
deepseek-chat-v3-0324_35,6,deepseek/deepseek-chat-v3-0324,google/gemini-2.5-pro,sneakingly,general,manner|sneaky|furtively|stealthily|covertly,False,5,Surreptitiously,MAX_TURNS_EXCEEDED,,,False,"Hinter: [CLUE] Acting in a way meant to avoid notice or detection, like moving quietly when you shouldn't be seen | Hinter: [CLUE] Doing something in a secretive or underhanded way, often with a sense of avoiding attention or being caught | Hinter: [CLUE] Behaving in a way that suggests you're trying not to be observed, perhaps moving quietly like a cat burglar at night | Hinter: [CLUE] An adverb describing how one might move or act when trying not to be seen, similar to ""on tiptoe"" but with a more secretive connotation | Hinter: [CLUE] An adverb ending in ""-ly"" that describes moving or behaving in a hushed, concealed fashion, like someone slipping away unnoticed from a gathering",Guesser: [GUESS] Stealthy | Guesser: [GUESS] Furtive | Guesser: [GUESS] Sneaky | Guesser: [GUESS] Stealthily | Guesser: [GUESS] Surreptitiously,"Hinter: [CLUE] Acting in a way meant to avoid notice or detection, like moving quietly when you shouldn't be seen | Guesser: [GUESS] Stealthy | System: 'Stealthy' is not correct. Try again! | Hinter: [CLUE] Doing something in a secretive or underhanded way, often with a sense of avoiding attention or being caught | Guesser: [GUESS] Furtive | System: 'Furtive' is not correct. Try again! | Hinter: [CLUE] Behaving in a way that suggests you're trying not to be observed, perhaps moving quietly like a cat burglar at night | Guesser: [GUESS] Sneaky | System: 'Sneaky' is not correct. Try again! | Hinter: [CLUE] An adverb describing how one might move or act when trying not to be seen, similar to ""on tiptoe"" but with a more secretive connotation | Guesser: [GUESS] Stealthily | System: 'Stealthily' is not correct. Try again! | Hinter: [CLUE] An adverb ending in ""-ly"" that describes moving or behaving in a hushed, concealed fashion, like someone slipping away unnoticed from a gathering | Guesser: [GUESS] Surreptitiously",10,,False,75.21,2025-07-18 00:50:12,
deepseek-chat-v3-0324_36,7,deepseek/deepseek-chat-v3-0324,google/gemini-2.5-pro,wickedly,general,evilly|manner|wicked|evil|sinfully,True,1,wickedly,,,,False,"Hinter: [CLUE] This adverb describes doing something in a mischievous or morally wrong way, often with a playful twist",Guesser: [GUESS] wickedly,"Hinter: [CLUE] This adverb describes doing something in a mischievous or morally wrong way, often with a playful twist | Guesser: [GUESS] wickedly",2,,False,15.84,2025-07-18 00:50:28,
deepseek-chat-v3-0324_37,8,deepseek/deepseek-chat-v3-0324,google/gemini-2.5-pro,tonight,general,night|present|this|thisnight|thisevening,True,2,tonight,,,,False,"Hinter: [CLUE] The period between sunset and bedtime on the current day | Hinter: [CLUE] The latter part of today, after work hours but before tomorrow begins",Guesser: [GUESS] evening | Guesser: [GUESS] tonight,"Hinter: [CLUE] The period between sunset and bedtime on the current day | Guesser: [GUESS] evening | System: 'evening' is not correct. Try again! | Hinter: [CLUE] The latter part of today, after work hours but before tomorrow begins | Guesser: [GUESS] tonight",4,,False,23.81,2025-07-18 00:50:52,
deepseek-chat-v3-0324_38,9,deepseek/deepseek-chat-v3-0324,google/gemini-2.5-pro,concisely,general,manner|briefly|concise|inbrief|inshort,False,5,terse,MAX_TURNS_EXCEEDED,,,False,"Hinter: [CLUE] To express something with few words, avoiding unnecessary details | Hinter: [CLUE] To communicate an idea without wasting time or being long-winded | Hinter: [CLUE] To say something in a way that is clear and to the point, without extra fluff | Hinter: [CLUE] An adverb describing how one might speak when getting straight to the heart of the matter | Hinter: [CLUE] The way you'd describe speaking if you were trimming all excess words and keeping only the essential bits",Guesser: [GUESS] concise | Guesser: [GUESS] brief | Guesser: [GUESS] succinct | Guesser: [GUESS] directly | Guesser: [GUESS] terse,"Hinter: [CLUE] To express something with few words, avoiding unnecessary details | Guesser: [GUESS] concise | System: 'concise' is not correct. Try again! | Hinter: [CLUE] To communicate an idea without wasting time or being long-winded | Guesser: [GUESS] brief | System: 'brief' is not correct. Try again! | Hinter: [CLUE] To say something in a way that is clear and to the point, without extra fluff | Guesser: [GUESS] succinct | System: 'succinct' is not correct. Try again! | Hinter: [CLUE] An adverb describing how one might speak when getting straight to the heart of the matter | Guesser: [GUESS] directly | System: 'directly' is not correct. Try again! | Hinter: [CLUE] The way you'd describe speaking if you were trimming all excess words and keeping only the essential bits | Guesser: [GUESS] terse",12,,False,196.58,2025-07-18 00:54:09,
deepseek-chat-v3-0324_39,10,deepseek/deepseek-chat-v3-0324,google/gemini-2.5-pro,p.m.,general,midnight|noon|post|postmeridiem|afternoon,False,5,GUESSER_FORMAT_FAILURE,FORMAT_FAILURE,,,False,"Hinter: [CLUE] This abbreviation indicates the latter half of a 12-hour clock cycle | Hinter: [CLUE] This two-letter abbreviation follows the hour when the sun is setting and the moon is rising | Hinter: [CLUE] This lowercase abbreviation is used after times like 3:00 when the day transitions to evening | Hinter: [CLUE] This abbreviation, written with full stops, denotes the period from 12:00 until the end of the day on a 12-hour clock | Hinter: [CLUE] This time indicator uses two lowercase letters separated by full stops, often seen on digital clocks in the UK",Guesser: [GUESS] PM | Guesser: [GUESS] pm | Guesser: [GUESS] p.m. | Guesser: [GUESS] P.M.,"Hinter: [CLUE] This abbreviation indicates the latter half of a 12-hour clock cycle | Guesser: [GUESS] PM | System: 'PM' is not correct. Try again! | Hinter: [CLUE] This two-letter abbreviation follows the hour when the sun is setting and the moon is rising | Guesser: [GUESS] pm | System: 'pm' is not correct. Try again! | Hinter: [CLUE] This lowercase abbreviation is used after times like 3:00 when the day transitions to evening | Guesser: [GUESS] p.m. | System: 'p.m' is not correct. Try again! | Hinter: [CLUE] This abbreviation, written with full stops, denotes the period from 12:00 until the end of the day on a 12-hour clock | Guesser: [GUESS] P.M. | System: 'P.M' is not correct. Try again! | Hinter: [CLUE] This time indicator uses two lowercase letters separated by full stops, often seen on digital clocks in the UK",12,Turn 5 Guesser: Failed after 3 attempts. Expected '[GUESS]'. All failed outputs: Let's re-read the conversation history *exactly* as presented.Turn 8: Guesser: `[GUESS] p.m.`Turn 9: System: `'p.m' is not correct. Try again!`The gue... |  | ,True,173.91,2025-07-18 00:57:03,FORMAT_FAILURE: Failed after 3 attempts. Expected '[GUESS]'. All failed outputs: Let's re-read the conversation history *exactly* as presented.Turn 8: Guesser: `[GUESS] p.m.`Turn 9: System: `'p.m' is not correct. Try again!`The gue... |  | 
deepseek-chat-v3-0324_40,11,deepseek/deepseek-chat-v3-0324,google/gemini-2.5-pro,insanely,general,insane|manner|sanely|crazily|madly,True,4,Insanely,,,,False,"Hinter: [CLUE] To an extreme or unreasonable degree, often describing how something is done | Hinter: [CLUE] Extremely or wildly, like how one might behave without rational thought | Hinter: [CLUE] To a degree that seems illogical or beyond normal limits, often used with ""ridiculous"" or ""funny"" | Hinter: [CLUE] An adverb meaning to an excessive or irrational extent, similar to ""wildly"" but not the taboo words",Guesser: [GUESS] Overly | Guesser: [GUESS] Madly | Guesser: [GUESS] Absurdly | Guesser: [GUESS] Insanely,"Hinter: [CLUE] To an extreme or unreasonable degree, often describing how something is done | Guesser: [GUESS] Overly | System: 'Overly' is not correct. Try again! | Hinter: [CLUE] Extremely or wildly, like how one might behave without rational thought | Guesser: [GUESS] Madly | System: 'Madly' is not correct. Try again! | Hinter: [CLUE] To a degree that seems illogical or beyond normal limits, often used with ""ridiculous"" or ""funny"" | Guesser: [GUESS] Absurdly | System: 'Absurdly' is not correct. Try again! | Hinter: [CLUE] An adverb meaning to an excessive or irrational extent, similar to ""wildly"" but not the taboo words | Guesser: [GUESS] Insanely",9,,False,124.6,2025-07-18 00:59:08,
deepseek-chat-v3-0324_41,12,deepseek/deepseek-chat-v3-0324,google/gemini-2.5-pro,capably,general,manner|aptly|capable|ably|competent,True,4,capably,,,,False,Hinter: [CLUE] This describes doing something with skill and efficiency | Hinter: [CLUE] This adverb suggests performing a task with proficiency and effectiveness | Hinter: [CLUE] This word describes how someone might handle a task when they've got the know-how to do it well | Hinter: [CLUE] This adverb indicates doing something in a way that shows you're well-equipped to succeed at it,Guesser: [GUESS] adeptly | Guesser: [GUESS] competently | Guesser: [GUESS] expertly | Guesser: [GUESS] capably,Hinter: [CLUE] This describes doing something with skill and efficiency | Guesser: [GUESS] adeptly | System: 'adeptly' is not correct. Try again! | Hinter: [CLUE] This adverb suggests performing a task with proficiency and effectiveness | Guesser: [GUESS] competently | System: 'competently' is not correct. Try again! | Hinter: [CLUE] This word describes how someone might handle a task when they've got the know-how to do it well | Guesser: [GUESS] expertly | System: 'expertly' is not correct. Try again! | Hinter: [CLUE] This adverb indicates doing something in a way that shows you're well-equipped to succeed at it | Guesser: [GUESS] capably,8,,False,64.61,2025-07-18 01:00:13,
deepseek-chat-v3-0324_42,13,deepseek/deepseek-chat-v3-0324,google/gemini-2.5-pro,low,general,ground|position|down|beneath|bottom,True,1,low,,,,False,"Hinter: [CLUE] This describes something not reaching a great height, like a volume setting or a note in music",Guesser: [GUESS] low,"Hinter: [CLUE] This describes something not reaching a great height, like a volume setting or a note in music | Guesser: [GUESS] low",2,,False,9.64,2025-07-18 01:00:23,
deepseek-chat-v3-0324_43,14,deepseek/deepseek-chat-v3-0324,google/gemini-2.5-pro,kinda,general,extent|kindof|rather|sortof|great,True,3,kinda,,,,False,"Hinter: [CLUE] This word is used to soften a statement, similar to ""a bit"" or ""somewhat"" in British English. | Hinter: [CLUE] This informal adverb can replace ""a little"" or ""to some degree"" in casual conversation. | Hinter: [CLUE] This word rhymes with ""Linda"" and is often used in relaxed speech to mean ""moderately"" or ""not entirely.""","Guesser: [GUESS] rather | Guesser: [GUESS] quite**Finalizing My Guess**\n\nI've considered all the clues and synonyms, and I've narrowed my options down to ""quite"" and ""pretty."" I'm now making my final decision based on which word best fits the informal context of the clues. I' | Guesser: [GUESS] kinda","Hinter: [CLUE] This word is used to soften a statement, similar to ""a bit"" or ""somewhat"" in British English. | Guesser: [GUESS] rather | System: 'rather' is not correct. Try again! | Hinter: [CLUE] This informal adverb can replace ""a little"" or ""to some degree"" in casual conversation. | Guesser: [GUESS] quite**Finalizing My Guess**\n\nI've considered all the clues and synonyms, and I've narrowed my options down to ""quite"" and ""pretty."" I'm now making my final decision based on which word best fits the informal context of the clues. I' | System: 'quite**Finalizing' is not correct. Try again! | Hinter: [CLUE] This word rhymes with ""Linda"" and is often used in relaxed speech to mean ""moderately"" or ""not entirely."" | Guesser: [GUESS] kinda",6,,False,58.4,2025-07-18 01:01:21,
deepseek-chat-v3-0324_44,15,deepseek/deepseek-chat-v3-0324,google/gemini-2.5-pro,inquiringly,general,manner|inquiring|enquiringly|questioningly|curiously,False,5,raptly,MAX_TURNS_EXCEEDED,,,False,"Hinter: [CLUE] With a tilted head and raised eyebrows, one might look this way when seeking information | Hinter: [CLUE] In a way that shows keen interest, often with a slight lean forward and attentive gaze | Hinter: [CLUE] The way someone might regard you when eager to know more, typically with an open and expectant expression | Hinter: [CLUE] How a detective might observe a suspect when piecing together clues, with an air of wanting answers | Hinter: [CLUE] An adverb describing how one might listen during an intriguing conversation, with eyes wide and head slightly cocked","Guesser: [GUESS]    *   One word: Yes, ""inquisitive"".    *   British English: Yes, spelling is the same.    *   Based on clue: Yes.Okay, I'm confident in ""inquisitive"". But wait, let me think one more time. Is there | Guesser: [GUESS] curiously | Guesser: [GUESS] questioningly | Guesser: [GUESS] searchingly | Guesser: [GUESS] raptly","Hinter: [CLUE] With a tilted head and raised eyebrows, one might look this way when seeking information | Guesser: [GUESS]    *   One word: Yes, ""inquisitive"".    *   British English: Yes, spelling is the same.    *   Based on clue: Yes.Okay, I'm confident in ""inquisitive"". But wait, let me think one more time. Is there | System: '*' is not correct. Try again! | Hinter: [CLUE] In a way that shows keen interest, often with a slight lean forward and attentive gaze | Guesser: [GUESS] curiously | System: 'curiously' is not correct. Try again! | Hinter: [CLUE] The way someone might regard you when eager to know more, typically with an open and expectant expression | Guesser: [GUESS] questioningly | System: 'questioningly' is not correct. Try again! | Hinter: [CLUE] How a detective might observe a suspect when piecing together clues, with an air of wanting answers | Guesser: [GUESS] searchingly | System: 'searchingly' is not correct. Try again! | Hinter: [CLUE] An adverb describing how one might listen during an intriguing conversation, with eyes wide and head slightly cocked | Guesser: [GUESS] raptly",10,,False,103.03,2025-07-18 01:03:05,
deepseek-chat-v3-0324_45,16,deepseek/deepseek-chat-v3-0324,google/gemini-2.5-pro,often,general,short|times|many|ofttimes|intervals,True,2,Often,,,,False,Hinter: [CLUE] This describes something happening frequently or on a regular basis | Hinter: [CLUE] It's an adverb indicating something occurs more than occasionally but less than constantly,Guesser: [GUESS] Regular | Guesser: [GUESS] Often,Hinter: [CLUE] This describes something happening frequently or on a regular basis | Guesser: [GUESS] Regular | System: 'Regular' is not correct. Try again! | Hinter: [CLUE] It's an adverb indicating something occurs more than occasionally but less than constantly | Guesser: [GUESS] Often,4,,False,35.15,2025-07-18 01:03:40,
deepseek-chat-v3-0324_46,17,deepseek/deepseek-chat-v3-0324,google/gemini-2.5-pro,con,general,opinion|pro|opposition|proposition|against,False,1,TABOO_VIOLATION: Hinter违反规则,TABOO_VIOLATION,1.0,"This short word can mean to deceive someone or the opposite of ""pro"" in a debate",True,,,,1,,False,2.91,2025-07-18 01:03:43,"TABOO_VIOLATION: Hinter在第1轮违反规则，说了禁用词: This short word can mean to deceive someone or the opposite of ""pro"" in a debate"
deepseek-chat-v3-0324_47,18,deepseek/deepseek-chat-v3-0324,google/gemini-2.5-pro,centennially,general,century|years|centenary|hundredth|anniversary,True,2,centennially,,,,False,Hinter: [CLUE] This describes something occurring once every ten decades | Hinter: [CLUE] This adverb describes an event that repeats once in the span of ten sets of ten,Guesser: [GUESS] centenary | Guesser: [GUESS] centennially,Hinter: [CLUE] This describes something occurring once every ten decades | Guesser: [GUESS] centenary | System: 'centenary' is not correct. Try again! | Hinter: [CLUE] This adverb describes an event that repeats once in the span of ten sets of ten | Guesser: [GUESS] centennially,4,,False,21.37,2025-07-18 01:04:05,
deepseek-chat-v3-0324_48,19,deepseek/deepseek-chat-v3-0324,google/gemini-2.5-pro,unmemorably,general,manner|memorably|unmemorable|forgettably|indistinctly,True,3,Unmemorably,,,,False,Hinter: [CLUE] This describes something that fails to leave a lasting impression | Hinter: [CLUE] This adverb describes how something might pass by without making an impact | Hinter: [CLUE] This word describes how something might slip from the mind without leaving a trace,Guesser: [GUESS] Forgettable | Guesser: [GUESS] Unremarkably | Guesser: [GUESS] Unmemorably,Hinter: [CLUE] This describes something that fails to leave a lasting impression | Guesser: [GUESS] Forgettable | System: 'Forgettable' is not correct. Try again! | Hinter: [CLUE] This adverb describes how something might pass by without making an impact | Guesser: [GUESS] Unremarkably | System: 'Unremarkably' is not correct. Try again! | Hinter: [CLUE] This word describes how something might slip from the mind without leaving a trace | Guesser: [GUESS] Unmemorably,6,,False,39.54,2025-07-18 01:04:45,
deepseek-chat-v3-0324_49,20,deepseek/deepseek-chat-v3-0324,google/gemini-2.5-pro,dispensed,general,bestow|parcel|allot|dealout|dishout,True,3,dispensed,,,,False,"Hinter: [CLUE] This is what a pharmacist does with medicine to patients | Hinter: [CLUE] It's the past tense of giving out or providing something, like medication or justice | Hinter: [CLUE] It's what a vending machine does when you insert coins - it ____ your chosen item",Guesser: [GUESS] dispense | Guesser: [GUESS] administered | Guesser: [GUESS] dispensed,"Hinter: [CLUE] This is what a pharmacist does with medicine to patients | Guesser: [GUESS] dispense | System: 'dispense' is not correct. Try again! | Hinter: [CLUE] It's the past tense of giving out or providing something, like medication or justice | Guesser: [GUESS] administered | System: 'administered' is not correct. Try again! | Hinter: [CLUE] It's what a vending machine does when you insert coins - it ____ your chosen item | Guesser: [GUESS] dispensed",6,,False,64.84,2025-07-18 01:05:50,
deepseek-chat-v3-0324_50,21,deepseek/deepseek-chat-v3-0324,google/gemini-2.5-pro,bevel,general,chamfer|miter|shape|cone|angle,True,1,bevel,,,,False,"Hinter: [CLUE] This is a sloped edge often found on furniture or glass, created by cutting or grinding.",Guesser: [GUESS] bevel,"Hinter: [CLUE] This is a sloped edge often found on furniture or glass, created by cutting or grinding. | Guesser: [GUESS] bevel",2,,False,11.76,2025-07-18 01:06:02,
