game_id,pair_index,word_index,hinter_model,guesser_model,hinter_name,guesser_name,pair_name,target_word,category,taboo_words,success,turns_used,final_guess,failure_reason,has_taboo_violation,conversation_turns,all_hints,all_guesses,conversation,duration_seconds,timestamp,error
kimi_0561,8,1,deepseek/deepseek-chat-v3-0324,moonshotai/kimi-k2,deepseek-chat-v3-0324,kimi-k2,deepseek-chat-v3-0324→kimi-k2,behaviorism,philosophy,approach|behavior|emphasizes|measurable|observable,False,5,behaviourism,MAX_TURNS_EXCEEDED,False,14,"Hinter: [CLUE] This psychological theory focuses on how actions are shaped by rewards and punishments | Hinter: [CLUE] This school of thought in psychology studies how external stimuli influence actions and reactions | Hinter: [CLUE] A psychological perspective that prioritises studying external influences on actions, often linked to Pavlov and Skinner | Hinter: [CLUE] This theory in psychology examines how learning processes mould conduct through reinforcement and environmental factors, rejecting introspection as a method | Hinter: [CLUE] A psychological framework centred on how external factors shape conduct, notably associated with Watson's work, focusing on learnt responses rather than innate traits",Guesser: [GUESS] behaviourism | Guesser: [GUESS] conditioning | Guesser: [GUESS] behaviourism | Guesser: [GUESS] behaviourism | Guesser: [GUESS] behaviourism,"Hinter: [CLUE] This psychological theory focuses on how actions are shaped by rewards and punishments | Guesser: [GUESS] behaviourism | System: 'behaviourism' is not correct. Try again! | Hinter: [CLUE] This school of thought in psychology studies how external stimuli influence actions and reactions | Guesser: [GUESS] conditioning | System: 'conditioning' is not correct. Try again! | Hinter: [CLUE] A psychological perspective that prioritises studying external influences on actions, often linked to Pavlov and Skinner | Guesser: [GUESS] behaviourism | System: 'behaviourism' is not correct. Try again! | Hinter: [CLUE] This theory in psychology examines how learning processes mould conduct through reinforcement and environmental factors, rejecting introspection as a method | Guesser: [GUESS] behaviourism | System: 'behaviourism' is not correct. Try again! | Hinter: [CLUE] A psychological framework centred on how external factors shape conduct, notably associated with Watson's work, focusing on learnt responses rather than innate traits | Guesser: [GUESS] behaviourism",24.81,2025-07-17 14:39:02,
kimi_0562,8,2,deepseek/deepseek-chat-v3-0324,moonshotai/kimi-k2,deepseek-chat-v3-0324,kimi-k2,deepseek-chat-v3-0324→kimi-k2,carcharhinus,general,genus|fish|type|carcharhinidae|genuscarcharhinus,True,3,carcharhinus,,False,8,"Hinter: [CLUE] This is a group of marine creatures known for their sleek bodies and sharp teeth, often found in tropical waters | Hinter: [CLUE] This specific group shares its name with a Greek word meaning ""sharp nose,"" and includes species like the blacktip and bull varieties | Hinter: [CLUE] Think of a scientific name for a group of sleek ocean predators, often called ""requiem"" varieties, with the first part meaning ""sharp"" and the second referring to their snout",Guesser: [GUESS] shark | Guesser: [GUESS] reef shark | Guesser: [GUESS] carcharhinus,"Hinter: [CLUE] This is a group of marine creatures known for their sleek bodies and sharp teeth, often found in tropical waters | Guesser: [GUESS] shark | System: 'shark' is not correct. Try again! | Hinter: [CLUE] This specific group shares its name with a Greek word meaning ""sharp nose,"" and includes species like the blacktip and bull varieties | Guesser: [GUESS] reef shark | System: 'reef' is not correct. Try again! | Hinter: [CLUE] Think of a scientific name for a group of sleek ocean predators, often called ""requiem"" varieties, with the first part meaning ""sharp"" and the second referring to their snout | Guesser: [GUESS] carcharhinus",13.28,2025-07-17 14:39:16,
kimi_0563,8,3,deepseek/deepseek-chat-v3-0324,moonshotai/kimi-k2,deepseek-chat-v3-0324,kimi-k2,deepseek-chat-v3-0324→kimi-k2,aphrodisiac,chemistry,desire|sexual|agent|drug|excitant,True,1,aphrodisiac,,False,2,Hinter: [CLUE] This is a substance believed to enhance romantic feelings or attraction between people,Guesser: [GUESS] aphrodisiac,Hinter: [CLUE] This is a substance believed to enhance romantic feelings or attraction between people | Guesser: [GUESS] aphrodisiac,4.5,2025-07-17 14:39:20,
kimi_0564,8,4,deepseek/deepseek-chat-v3-0324,moonshotai/kimi-k2,deepseek-chat-v3-0324,kimi-k2,deepseek-chat-v3-0324→kimi-k2,futures,finance,future|manana|kingdom|come|futurity,True,1,futures,,False,2,Hinter: [CLUE] Financial contracts traded on exchanges involving agreements to buy or sell assets at a set price later,Guesser: [GUESS] futures,Hinter: [CLUE] Financial contracts traded on exchanges involving agreements to buy or sell assets at a set price later | Guesser: [GUESS] futures,2.71,2025-07-17 14:39:23,
kimi_0565,8,5,deepseek/deepseek-chat-v3-0324,moonshotai/kimi-k2,deepseek-chat-v3-0324,kimi-k2,deepseek-chat-v3-0324→kimi-k2,stylus,cs,device|needle|player|record|pointed,True,1,stylus,,False,2,Hinter: [CLUE] This small tool is often used with touchscreens or for writing on tablets,Guesser: [GUESS] stylus,Hinter: [CLUE] This small tool is often used with touchscreens or for writing on tablets | Guesser: [GUESS] stylus,7.33,2025-07-17 14:39:31,
kimi_0566,8,6,deepseek/deepseek-chat-v3-0324,moonshotai/kimi-k2,deepseek-chat-v3-0324,kimi-k2,deepseek-chat-v3-0324→kimi-k2,strength,finance,muscle|sapped|strong|brawn|fatigue,True,1,strength,,False,2,Hinter: [CLUE] The quality that allows you to lift heavy objects or endure hardship,Guesser: [GUESS] strength,Hinter: [CLUE] The quality that allows you to lift heavy objects or endure hardship | Guesser: [GUESS] strength,2.55,2025-07-17 14:39:34,
kimi_0567,8,7,deepseek/deepseek-chat-v3-0324,moonshotai/kimi-k2,deepseek-chat-v3-0324,kimi-k2,deepseek-chat-v3-0324→kimi-k2,authenticity,philosophy,real|legitimacy|undisputed|credibility|genuineness,True,1,authenticity,,False,2,Hinter: [CLUE] The quality of being original or true to its origins,Guesser: [GUESS] authenticity,Hinter: [CLUE] The quality of being original or true to its origins | Guesser: [GUESS] authenticity,2.05,2025-07-17 14:39:36,
kimi_0568,8,8,deepseek/deepseek-chat-v3-0324,moonshotai/kimi-k2,deepseek-chat-v3-0324,kimi-k2,deepseek-chat-v3-0324→kimi-k2,liquidity,finance,liquid|little|state|disperse|exhibits,True,1,liquidity,,False,2,Hinter: [CLUE] This financial term describes how easily an asset can be converted into cash without affecting its market value,Guesser: [GUESS] liquidity,Hinter: [CLUE] This financial term describes how easily an asset can be converted into cash without affecting its market value | Guesser: [GUESS] liquidity,3.29,2025-07-17 14:39:40,
kimi_0569,8,9,deepseek/deepseek-chat-v3-0324,moonshotai/kimi-k2,deepseek-chat-v3-0324,kimi-k2,deepseek-chat-v3-0324→kimi-k2,wasteland,general,africa|barren|barrens|central|heath,True,1,wasteland,,False,2,"Hinter: [CLUE] This is a desolate, uncultivated area with little vegetation or life",Guesser: [GUESS] wasteland,"Hinter: [CLUE] This is a desolate, uncultivated area with little vegetation or life | Guesser: [GUESS] wasteland",2.96,2025-07-17 14:39:43,
kimi_0570,8,10,deepseek/deepseek-chat-v3-0324,moonshotai/kimi-k2,deepseek-chat-v3-0324,kimi-k2,deepseek-chat-v3-0324→kimi-k2,bevy,general,attire|people|bathing|large|young,True,2,bevy,,False,5,"Hinter: [CLUE] A group of birds, especially quails or larks, gathered together | Hinter: [CLUE] A collective term often used for a gathering of swans or ladies at a social event",Guesser: [GUESS] covey | Guesser: [GUESS] bevy,"Hinter: [CLUE] A group of birds, especially quails or larks, gathered together | Guesser: [GUESS] covey | System: 'covey' is not correct. Try again! | Hinter: [CLUE] A collective term often used for a gathering of swans or ladies at a social event | Guesser: [GUESS] bevy",10.98,2025-07-17 14:39:54,
kimi_0571,8,11,deepseek/deepseek-chat-v3-0324,moonshotai/kimi-k2,deepseek-chat-v3-0324,kimi-k2,deepseek-chat-v3-0324→kimi-k2,debenture,finance,future|obtain|ability|based|goods,True,2,debenture,,False,5,"Hinter: [CLUE] A type of financial instrument representing a long-term loan to a company, often with fixed interest payments | Hinter: [CLUE] Similar to a bond but typically secured against a company's assets, commonly issued by corporations to raise capital",Guesser: [GUESS] bond | Guesser: [GUESS] debenture,"Hinter: [CLUE] A type of financial instrument representing a long-term loan to a company, often with fixed interest payments | Guesser: [GUESS] bond | System: 'bond' is not correct. Try again! | Hinter: [CLUE] Similar to a bond but typically secured against a company's assets, commonly issued by corporations to raise capital | Guesser: [GUESS] debenture",17.12,2025-07-17 14:40:12,
kimi_0572,8,12,deepseek/deepseek-chat-v3-0324,moonshotai/kimi-k2,deepseek-chat-v3-0324,kimi-k2,deepseek-chat-v3-0324→kimi-k2,substance,philosophy,center|centre|kernel|marrow|matter,True,2,substance,,False,5,"Hinter: [CLUE] This refers to the material or stuff that things are made of | Hinter: [CLUE] It can be solid, liquid, gas, and is essential in chemistry",Guesser: [GUESS] matter | Guesser: [GUESS] substance,"Hinter: [CLUE] This refers to the material or stuff that things are made of | Guesser: [GUESS] matter | System: 'matter' is not correct. Try again! | Hinter: [CLUE] It can be solid, liquid, gas, and is essential in chemistry | Guesser: [GUESS] substance",11.8,2025-07-17 14:40:24,
kimi_0573,8,13,deepseek/deepseek-chat-v3-0324,moonshotai/kimi-k2,deepseek-chat-v3-0324,kimi-k2,deepseek-chat-v3-0324→kimi-k2,architecture,philosophy,edifice|product|building|work|architectural,True,1,architecture,,False,2,Hinter: [CLUE] The art and science of designing structures for human habitation or use,Guesser: [GUESS] architecture,Hinter: [CLUE] The art and science of designing structures for human habitation or use | Guesser: [GUESS] architecture,3.35,2025-07-17 14:40:28,
kimi_0574,8,14,deepseek/deepseek-chat-v3-0324,moonshotai/kimi-k2,deepseek-chat-v3-0324,kimi-k2,deepseek-chat-v3-0324→kimi-k2,perfectionism,philosophy,seemed|perfect|anything|feel|less,True,1,perfectionism,,False,2,Hinter: [CLUE] This is a trait where one strives for flawlessness and high standards,Guesser: [GUESS] perfectionism,Hinter: [CLUE] This is a trait where one strives for flawlessness and high standards | Guesser: [GUESS] perfectionism,6.0,2025-07-17 14:40:34,
kimi_0575,8,15,deepseek/deepseek-chat-v3-0324,moonshotai/kimi-k2,deepseek-chat-v3-0324,kimi-k2,deepseek-chat-v3-0324→kimi-k2,virus,cs,living|vector|agent|cells|hosts,True,1,virus,,False,2,Hinter: [CLUE] This microscopic invader can cause illness and spreads between individuals,Guesser: [GUESS] virus,Hinter: [CLUE] This microscopic invader can cause illness and spreads between individuals | Guesser: [GUESS] virus,2.33,2025-07-17 14:40:36,
kimi_0576,8,16,deepseek/deepseek-chat-v3-0324,moonshotai/kimi-k2,deepseek-chat-v3-0324,kimi-k2,deepseek-chat-v3-0324→kimi-k2,psittacidae,general,family|order|bird|coextensive|psittaciformes,True,3,psittacidae,,False,8,"Hinter: [CLUE] This taxonomic group includes colourful, intelligent creatures known for mimicking human speech | Hinter: [CLUE] These vibrant-feathered creatures form a scientific classification group, often kept as pets for their remarkable vocal abilities | Hinter: [CLUE] This Latin-named group encompasses all species with curved beaks and zygodactyl feet, renowned for their bright plumage and chatty nature",Guesser: [GUESS] parrot | Guesser: [GUESS] psittacine | Guesser: [GUESS] psittacidae,"Hinter: [CLUE] This taxonomic group includes colourful, intelligent creatures known for mimicking human speech | Guesser: [GUESS] parrot | System: 'parrot' is not correct. Try again! | Hinter: [CLUE] These vibrant-feathered creatures form a scientific classification group, often kept as pets for their remarkable vocal abilities | Guesser: [GUESS] psittacine | System: 'psittacine' is not correct. Try again! | Hinter: [CLUE] This Latin-named group encompasses all species with curved beaks and zygodactyl feet, renowned for their bright plumage and chatty nature | Guesser: [GUESS] psittacidae",22.54,2025-07-17 14:40:59,
kimi_0577,8,17,deepseek/deepseek-chat-v3-0324,moonshotai/kimi-k2,deepseek-chat-v3-0324,kimi-k2,deepseek-chat-v3-0324→kimi-k2,unemployment,finance,health|social|economy|serious|state,True,1,unemployment,,False,2,"Hinter: [CLUE] This occurs when people who are actively seeking work cannot find a job, leading to financial strain for individuals and families",Guesser: [GUESS] unemployment,"Hinter: [CLUE] This occurs when people who are actively seeking work cannot find a job, leading to financial strain for individuals and families | Guesser: [GUESS] unemployment",7.03,2025-07-17 14:41:07,
kimi_0578,8,18,deepseek/deepseek-chat-v3-0324,moonshotai/kimi-k2,deepseek-chat-v3-0324,kimi-k2,deepseek-chat-v3-0324→kimi-k2,short,general,parcel|field|piece|short|tract,True,1,short,,False,2,Hinter: [CLUE] This describes something of little length or duration,Guesser: [GUESS] short,Hinter: [CLUE] This describes something of little length or duration | Guesser: [GUESS] short,3.36,2025-07-17 14:41:10,
kimi_0579,8,19,deepseek/deepseek-chat-v3-0324,moonshotai/kimi-k2,deepseek-chat-v3-0324,kimi-k2,deepseek-chat-v3-0324→kimi-k2,necrosis,chemistry,living|supply|blood|cells|death,True,1,necrosis,,False,2,Hinter: [CLUE] This is a process where tissue deteriorates due to lack of oxygen or nutrients,Guesser: [GUESS] necrosis,Hinter: [CLUE] This is a process where tissue deteriorates due to lack of oxygen or nutrients | Guesser: [GUESS] necrosis,2.64,2025-07-17 14:41:13,
kimi_0580,8,20,deepseek/deepseek-chat-v3-0324,moonshotai/kimi-k2,deepseek-chat-v3-0324,kimi-k2,deepseek-chat-v3-0324→kimi-k2,parentage,general,origin|parent|stemma|birth|blood,False,5,descent,MAX_TURNS_EXCEEDED,False,14,"Hinter: [CLUE] This refers to one's familial background or ancestral line, often used to determine social standing or hereditary traits | Hinter: [CLUE] This term describes the social or biological connections that link individuals to their forebears, influencing identity or inheritance | Hinter: [CLUE] This concept relates to the hereditary connections that define one's place in a family tree, without specifying the direct predecessors | Hinter: [CLUE] This term refers to the collective identity derived from one's familial connections, often used in discussions of heritage or social class | Hinter: [CLUE] This term encompasses both the social and hereditary aspects of one's familial connections, often used when discussing inherited status or characteristics",Guesser: [GUESS] lineage | Guesser: [GUESS] pedigree | Guesser: [GUESS] ancestry | Guesser: [GUESS] bloodline | Guesser: [GUESS] descent,"Hinter: [CLUE] This refers to one's familial background or ancestral line, often used to determine social standing or hereditary traits | Guesser: [GUESS] lineage | System: 'lineage' is not correct. Try again! | Hinter: [CLUE] This term describes the social or biological connections that link individuals to their forebears, influencing identity or inheritance | Guesser: [GUESS] pedigree | System: 'pedigree' is not correct. Try again! | Hinter: [CLUE] This concept relates to the hereditary connections that define one's place in a family tree, without specifying the direct predecessors | Guesser: [GUESS] ancestry | System: 'ancestry' is not correct. Try again! | Hinter: [CLUE] This term refers to the collective identity derived from one's familial connections, often used in discussions of heritage or social class | Guesser: [GUESS] bloodline | System: 'bloodline' is not correct. Try again! | Hinter: [CLUE] This term encompasses both the social and hereditary aspects of one's familial connections, often used when discussing inherited status or characteristics | Guesser: [GUESS] descent",19.55,2025-07-17 14:41:33,
kimi_0581,8,21,deepseek/deepseek-chat-v3-0324,moonshotai/kimi-k2,deepseek-chat-v3-0324,kimi-k2,deepseek-chat-v3-0324→kimi-k2,biological,philosophy,living|things|biology|biologic|life,True,4,biological,,False,11,Hinter: [CLUE] Relating to the study of organisms and their processes | Hinter: [CLUE] Pertaining to the natural sciences that examine how systems function and interact | Hinter: [CLUE] Concerning the organic characteristics and processes found in nature | Hinter: [CLUE] Adjective describing the inherent traits and workings of flora and fauna,Guesser: [GUESS] biology | Guesser: [GUESS] ecology | Guesser: [GUESS] physiology | Guesser: [GUESS] biological,Hinter: [CLUE] Relating to the study of organisms and their processes | Guesser: [GUESS] biology | System: 'biology' is not correct. Try again! | Hinter: [CLUE] Pertaining to the natural sciences that examine how systems function and interact | Guesser: [GUESS] ecology | System: 'ecology' is not correct. Try again! | Hinter: [CLUE] Concerning the organic characteristics and processes found in nature | Guesser: [GUESS] physiology | System: 'physiology' is not correct. Try again! | Hinter: [CLUE] Adjective describing the inherent traits and workings of flora and fauna | Guesser: [GUESS] biological,18.85,2025-07-17 14:41:52,
kimi_0582,8,22,deepseek/deepseek-chat-v3-0324,moonshotai/kimi-k2,deepseek-chat-v3-0324,kimi-k2,deepseek-chat-v3-0324→kimi-k2,scandent,general,nature|plants|climb|creeping|tendency,True,5,scandent,,False,14,"Hinter: [CLUE] This describes something that grows upwards, often needing support to stay upright | Hinter: [CLUE] This term describes objects with an upward-growing or ascending habit, commonly seen in structures like vines or certain architectural features | Hinter: [CLUE] This adjective refers to things that have an upward-reaching or ascending characteristic, often seen in botanical contexts but also applicable to other upward-growing forms | Hinter: [CLUE] This adjective, derived from Latin, describes things that extend or grow in an upward direction, often requiring external support, and is frequently used in botanical or architectural descriptions | Hinter: [CLUE] This Latin-derived term describes objects with an upward-trailing or sprawling growth pattern, frequently observed in certain flora where stems require trellises or supports to maintain their upward orientation",Guesser: [GUESS] plant | Guesser: [GUESS] climber | Guesser: [GUESS] ascending | Guesser: [GUESS] erect | Guesser: [GUESS] scandent,"Hinter: [CLUE] This describes something that grows upwards, often needing support to stay upright | Guesser: [GUESS] plant | System: 'plant' is not correct. Try again! | Hinter: [CLUE] This term describes objects with an upward-growing or ascending habit, commonly seen in structures like vines or certain architectural features | Guesser: [GUESS] climber | System: 'climber' is not correct. Try again! | Hinter: [CLUE] This adjective refers to things that have an upward-reaching or ascending characteristic, often seen in botanical contexts but also applicable to other upward-growing forms | Guesser: [GUESS] ascending | System: 'ascending' is not correct. Try again! | Hinter: [CLUE] This adjective, derived from Latin, describes things that extend or grow in an upward direction, often requiring external support, and is frequently used in botanical or architectural descriptions | Guesser: [GUESS] erect | System: 'erect' is not correct. Try again! | Hinter: [CLUE] This Latin-derived term describes objects with an upward-trailing or sprawling growth pattern, frequently observed in certain flora where stems require trellises or supports to maintain their upward orientation | Guesser: [GUESS] scandent",19.91,2025-07-17 14:42:12,
kimi_0583,8,23,deepseek/deepseek-chat-v3-0324,moonshotai/kimi-k2,deepseek-chat-v3-0324,kimi-k2,deepseek-chat-v3-0324→kimi-k2,immutable,cs,change|nature|mutable|quality|subject,True,1,immutable,,False,2,Hinter: [CLUE] This describes something that cannot be altered or modified once set,Guesser: [GUESS] immutable,Hinter: [CLUE] This describes something that cannot be altered or modified once set | Guesser: [GUESS] immutable,3.73,2025-07-17 14:42:17,
kimi_0584,8,24,deepseek/deepseek-chat-v3-0324,moonshotai/kimi-k2,deepseek-chat-v3-0324,kimi-k2,deepseek-chat-v3-0324→kimi-k2,epideictical,general,display|designed|orations|epideictic|rhetorical,False,5,epidictic,MAX_TURNS_EXCEEDED,False,14,"Hinter: [CLUE] This term relates to speech or writing meant to show praise or blame, often in a formal setting. | Hinter: [CLUE] This adjective describes language that's highly expressive or ceremonial, often used in public speeches to impress an audience. | Hinter: [CLUE] Pertaining to elaborate or showy verbal expression, often associated with formal commendation or denunciation in classical contexts. | Hinter: [CLUE] This adjective stems from Greek origins and describes a style of speaking or writing that's meant to showcase skill or evoke admiration, often in ceremonial contexts. | Hinter: [CLUE] Think of a more obscure, formal adjective derived from Greek, specifically describing language intended to impress or demonstrate virtuosity, often in ceremonial praise or censure.",Guesser: [GUESS] eulogy | Guesser: [GUESS] rhetoric | Guesser: [GUESS] panegyric | Guesser: [GUESS] declamatory | Guesser: [GUESS] epidictic,"Hinter: [CLUE] This term relates to speech or writing meant to show praise or blame, often in a formal setting. | Guesser: [GUESS] eulogy | System: 'eulogy' is not correct. Try again! | Hinter: [CLUE] This adjective describes language that's highly expressive or ceremonial, often used in public speeches to impress an audience. | Guesser: [GUESS] rhetoric | System: 'rhetoric' is not correct. Try again! | Hinter: [CLUE] Pertaining to elaborate or showy verbal expression, often associated with formal commendation or denunciation in classical contexts. | Guesser: [GUESS] panegyric | System: 'panegyric' is not correct. Try again! | Hinter: [CLUE] This adjective stems from Greek origins and describes a style of speaking or writing that's meant to showcase skill or evoke admiration, often in ceremonial contexts. | Guesser: [GUESS] declamatory | System: 'declamatory' is not correct. Try again! | Hinter: [CLUE] Think of a more obscure, formal adjective derived from Greek, specifically describing language intended to impress or demonstrate virtuosity, often in ceremonial praise or censure. | Guesser: [GUESS] epidictic",25.88,2025-07-17 14:42:43,
kimi_0585,8,25,deepseek/deepseek-chat-v3-0324,moonshotai/kimi-k2,deepseek-chat-v3-0324,kimi-k2,deepseek-chat-v3-0324→kimi-k2,friendless,general,outcast|society|excluded|quality|property,True,3,friendless,,False,8,"Hinter: [CLUE] Someone who lacks companionship and has no close mates to rely on | Hinter: [CLUE] A person without pals or chums, often feeling isolated and alone | Hinter: [CLUE] Describing someone who hasn't got a single comrade or ally in the world",Guesser: [GUESS] loner | Guesser: [GUESS] lonely | Guesser: [GUESS] friendless,"Hinter: [CLUE] Someone who lacks companionship and has no close mates to rely on | Guesser: [GUESS] loner | System: 'loner' is not correct. Try again! | Hinter: [CLUE] A person without pals or chums, often feeling isolated and alone | Guesser: [GUESS] lonely | System: 'lonely' is not correct. Try again! | Hinter: [CLUE] Describing someone who hasn't got a single comrade or ally in the world | Guesser: [GUESS] friendless",9.45,2025-07-17 14:42:52,
kimi_0586,8,26,deepseek/deepseek-chat-v3-0324,moonshotai/kimi-k2,deepseek-chat-v3-0324,kimi-k2,deepseek-chat-v3-0324→kimi-k2,trinuclear,general,nuclei|binucleate|mononuclear|trinucleate|trinucleated,True,5,trinuclear,,False,14,"Hinter: [CLUE] This term describes a structure with three central parts, often used in biology or chemistry. | Hinter: [CLUE] In cellular biology, this adjective might describe an organism or cell with three distinct central compartments. | Hinter: [CLUE] Think of a prefix meaning 'three' combined with an adjective describing something with core regions, but avoid the obvious taboo terms. | Hinter: [CLUE] This adjective shares its prefix with 'triangle' and relates to having three central points, but isn't about geometry. | Hinter: [CLUE] It rhymes with ""binuclear"" but starts with 'tri-' instead of 'bi-', describing a structure with three core areas.",Guesser: [GUESS] trimer | Guesser: [GUESS] tricompartmental | Guesser: [GUESS] trinucleate | Guesser: [GUESS] tricentric | Guesser: [GUESS] trinuclear,"Hinter: [CLUE] This term describes a structure with three central parts, often used in biology or chemistry. | Guesser: [GUESS] trimer | System: 'trimer' is not correct. Try again! | Hinter: [CLUE] In cellular biology, this adjective might describe an organism or cell with three distinct central compartments. | Guesser: [GUESS] tricompartmental | System: 'tricompartmental' is not correct. Try again! | Hinter: [CLUE] Think of a prefix meaning 'three' combined with an adjective describing something with core regions, but avoid the obvious taboo terms. | Guesser: [GUESS] trinucleate | System: 'trinucleate' is not correct. Try again! | Hinter: [CLUE] This adjective shares its prefix with 'triangle' and relates to having three central points, but isn't about geometry. | Guesser: [GUESS] tricentric | System: 'tricentric' is not correct. Try again! | Hinter: [CLUE] It rhymes with ""binuclear"" but starts with 'tri-' instead of 'bi-', describing a structure with three core areas. | Guesser: [GUESS] trinuclear",20.51,2025-07-17 14:43:13,
kimi_0587,8,27,deepseek/deepseek-chat-v3-0324,moonshotai/kimi-k2,deepseek-chat-v3-0324,kimi-k2,deepseek-chat-v3-0324→kimi-k2,many,philosophy,number|count|large|nouns|preceded,True,3,many,,False,8,"Hinter: [CLUE] More than a few but not a specific quantity | Hinter: [CLUE] A quantity indicating abundance without being exact | Hinter: [CLUE] It's what you'd use to describe a crowd at a concert, but not an exact figure",Guesser: [GUESS] several | Guesser: [GUESS] plenty | Guesser: [GUESS] many,"Hinter: [CLUE] More than a few but not a specific quantity | Guesser: [GUESS] several | System: 'several' is not correct. Try again! | Hinter: [CLUE] A quantity indicating abundance without being exact | Guesser: [GUESS] plenty | System: 'plenty' is not correct. Try again! | Hinter: [CLUE] It's what you'd use to describe a crowd at a concert, but not an exact figure | Guesser: [GUESS] many",21.75,2025-07-17 14:43:35,
kimi_0588,8,28,deepseek/deepseek-chat-v3-0324,moonshotai/kimi-k2,deepseek-chat-v3-0324,kimi-k2,deepseek-chat-v3-0324→kimi-k2,environmental,finance,factors|external|relating|conditions|surroundings,True,3,environmental,,False,8,"Hinter: [CLUE] Pertaining to the natural world and how human activity affects it | Hinter: [CLUE] Concerning the impact of human behaviour on ecosystems and planetary systems | Hinter: [CLUE] Adjective describing issues like climate change, pollution, and conservation efforts",Guesser: [GUESS] environment | Guesser: [GUESS] ecology | Guesser: [GUESS] environmental,"Hinter: [CLUE] Pertaining to the natural world and how human activity affects it | Guesser: [GUESS] environment | System: 'environment' is not correct. Try again! | Hinter: [CLUE] Concerning the impact of human behaviour on ecosystems and planetary systems | Guesser: [GUESS] ecology | System: 'ecology' is not correct. Try again! | Hinter: [CLUE] Adjective describing issues like climate change, pollution, and conservation efforts | Guesser: [GUESS] environmental",22.29,2025-07-17 14:43:58,
kimi_0589,8,29,deepseek/deepseek-chat-v3-0324,moonshotai/kimi-k2,deepseek-chat-v3-0324,kimi-k2,deepseek-chat-v3-0324→kimi-k2,exilic,general,period|exile|known|jews|relating,True,4,exilic,,False,11,"Hinter: [CLUE] This describes a state of being away from one's homeland, often involuntarily | Hinter: [CLUE] This term describes a time when a group is forced to live outside their native land, historically significant in ancient texts | Hinter: [CLUE] This adjective refers to the condition of living as an outsider, particularly during a forced absence from one's original country or community | Hinter: [CLUE] This word starts with 'ex' and describes a situation where people are removed from their usual surroundings, often found in biblical or historical contexts",Guesser: [GUESS] exile | Guesser: [GUESS] diaspora | Guesser: [GUESS] displaced | Guesser: [GUESS] exilic,"Hinter: [CLUE] This describes a state of being away from one's homeland, often involuntarily | Guesser: [GUESS] exile | System: 'exile' is not correct. Try again! | Hinter: [CLUE] This term describes a time when a group is forced to live outside their native land, historically significant in ancient texts | Guesser: [GUESS] diaspora | System: 'diaspora' is not correct. Try again! | Hinter: [CLUE] This adjective refers to the condition of living as an outsider, particularly during a forced absence from one's original country or community | Guesser: [GUESS] displaced | System: 'displaced' is not correct. Try again! | Hinter: [CLUE] This word starts with 'ex' and describes a situation where people are removed from their usual surroundings, often found in biblical or historical contexts | Guesser: [GUESS] exilic",25.36,2025-07-17 14:44:24,
kimi_0590,8,30,deepseek/deepseek-chat-v3-0324,moonshotai/kimi-k2,deepseek-chat-v3-0324,kimi-k2,deepseek-chat-v3-0324→kimi-k2,cubiform,general,cuboid|shaped|cubical|cube|cubelike,False,5,cubical,MAX_TURNS_EXCEEDED,False,14,"Hinter: [CLUE] This word describes something with six equal square faces, resembling a certain geometric form | Hinter: [CLUE] This adjective refers to an object with equal edges and angles, similar to a child's building block but more formal in tone | Hinter: [CLUE] This term describes an object with a regular six-faced geometry, often used in more technical or scientific contexts | Hinter: [CLUE] This adjective describes a three-dimensional figure with all sides and angles equal, derived from Latin roots meaning ""like a certain geometric solid"" | Hinter: [CLUE] This formal adjective describes a figure with equal dimensions in all three axes, stemming from the Latin for ""form of a certain regular solid""",Guesser: [GUESS] cube | Guesser: [GUESS] cubic | Guesser: [GUESS] hexahedron | Guesser: [GUESS] cuboid | Guesser: [GUESS] cubical,"Hinter: [CLUE] This word describes something with six equal square faces, resembling a certain geometric form | Guesser: [GUESS] cube | System: 'cube' is not correct. Try again! | Hinter: [CLUE] This adjective refers to an object with equal edges and angles, similar to a child's building block but more formal in tone | Guesser: [GUESS] cubic | System: 'cubic' is not correct. Try again! | Hinter: [CLUE] This term describes an object with a regular six-faced geometry, often used in more technical or scientific contexts | Guesser: [GUESS] hexahedron | System: 'hexahedron' is not correct. Try again! | Hinter: [CLUE] This adjective describes a three-dimensional figure with all sides and angles equal, derived from Latin roots meaning ""like a certain geometric solid"" | Guesser: [GUESS] cuboid | System: 'cuboid' is not correct. Try again! | Hinter: [CLUE] This formal adjective describes a figure with equal dimensions in all three axes, stemming from the Latin for ""form of a certain regular solid"" | Guesser: [GUESS] cubical",28.09,2025-07-17 14:44:52,
kimi_0591,8,31,deepseek/deepseek-chat-v3-0324,moonshotai/kimi-k2,deepseek-chat-v3-0324,kimi-k2,deepseek-chat-v3-0324→kimi-k2,quaggy,general,marshy|sloppy|swampy|watery|boggy,False,5,soggy,MAX_TURNS_EXCEEDED,False,14,"Hinter: [CLUE] This describes ground that is soft and yielding underfoot, like a damp meadow after rain | Hinter: [CLUE] This terrain might make your boots sink slightly, resembling a spongy, unsteady surface | Hinter: [CLUE] This type of ground is neither firm nor dry, having a somewhat springy consistency that might remind you of walking on a sodden, peaty landscape | Hinter: [CLUE] Think of ground that's treacherously soft, where each step might leave a slight impression, much like walking across a damp, peaty moor in wellies | Hinter: [CLUE] This adjective describes land that's unpleasantly soft and unstable, often found in areas with poor drainage, similar to a waterlogged field in the countryside",Guesser: [GUESS] boggy | Guesser: [GUESS] marshy | Guesser: [GUESS] squelchy | Guesser: [GUESS] spongy | Guesser: [GUESS] soggy,"Hinter: [CLUE] This describes ground that is soft and yielding underfoot, like a damp meadow after rain | Guesser: [GUESS] boggy | System: 'boggy' is not correct. Try again! | Hinter: [CLUE] This terrain might make your boots sink slightly, resembling a spongy, unsteady surface | Guesser: [GUESS] marshy | System: 'marshy' is not correct. Try again! | Hinter: [CLUE] This type of ground is neither firm nor dry, having a somewhat springy consistency that might remind you of walking on a sodden, peaty landscape | Guesser: [GUESS] squelchy | System: 'squelchy' is not correct. Try again! | Hinter: [CLUE] Think of ground that's treacherously soft, where each step might leave a slight impression, much like walking across a damp, peaty moor in wellies | Guesser: [GUESS] spongy | System: 'spongy' is not correct. Try again! | Hinter: [CLUE] This adjective describes land that's unpleasantly soft and unstable, often found in areas with poor drainage, similar to a waterlogged field in the countryside | Guesser: [GUESS] soggy",35.35,2025-07-17 14:45:28,
kimi_0592,8,32,deepseek/deepseek-chat-v3-0324,moonshotai/kimi-k2,deepseek-chat-v3-0324,kimi-k2,deepseek-chat-v3-0324→kimi-k2,livable,general,live|liveable|suitable|unlivable|conditions,False,5,decent,MAX_TURNS_EXCEEDED,False,14,"Hinter: [CLUE] This describes a place where one could comfortably reside without major discomfort | Hinter: [CLUE] This term refers to a space that meets basic standards for human habitation, neither derelict nor overly luxurious | Hinter: [CLUE] This adjective describes a dwelling or area that's fit for occupation, with adequate facilities and comfort | Hinter: [CLUE] This word describes a place where daily life can be carried out with reasonable ease, neither squalid nor inhospitable | Hinter: [CLUE] This adjective suggests a space is decent enough for people to dwell in, without being posh or rundown",Guesser: [GUESS] home | Guesser: [GUESS] habitable | Guesser: [GUESS] liveable | Guesser: [GUESS] inhabitable | Guesser: [GUESS] decent,"Hinter: [CLUE] This describes a place where one could comfortably reside without major discomfort | Guesser: [GUESS] home | System: 'home' is not correct. Try again! | Hinter: [CLUE] This term refers to a space that meets basic standards for human habitation, neither derelict nor overly luxurious | Guesser: [GUESS] habitable | System: 'habitable' is not correct. Try again! | Hinter: [CLUE] This adjective describes a dwelling or area that's fit for occupation, with adequate facilities and comfort | Guesser: [GUESS] liveable | System: 'liveable' is not correct. Try again! | Hinter: [CLUE] This word describes a place where daily life can be carried out with reasonable ease, neither squalid nor inhospitable | Guesser: [GUESS] inhabitable | System: 'inhabitable' is not correct. Try again! | Hinter: [CLUE] This adjective suggests a space is decent enough for people to dwell in, without being posh or rundown | Guesser: [GUESS] decent",17.51,2025-07-17 14:45:45,
kimi_0593,8,33,deepseek/deepseek-chat-v3-0324,moonshotai/kimi-k2,deepseek-chat-v3-0324,kimi-k2,deepseek-chat-v3-0324→kimi-k2,coital,general,coitus|relating|copulation|copulatory|quality,False,5,intimate,MAX_TURNS_EXCEEDED,False,14,Hinter: [CLUE] Pertaining to intimate physical acts between partners | Hinter: [CLUE] Describing a specific type of intimate encounter between two people | Hinter: [CLUE] Concerning the act of physical intimacy between a couple | Hinter: [CLUE] Adjective describing the physical union between partners during intimate moments | Hinter: [CLUE] Adjective for the act of physical connection between partners in a private setting,Guesser: [GUESS] sex | Guesser: [GUESS] intercourse | Guesser: [GUESS] lovemaking | Guesser: [GUESS] sexual | Guesser: [GUESS] intimate,Hinter: [CLUE] Pertaining to intimate physical acts between partners | Guesser: [GUESS] sex | System: 'sex' is not correct. Try again! | Hinter: [CLUE] Describing a specific type of intimate encounter between two people | Guesser: [GUESS] intercourse | System: 'intercourse' is not correct. Try again! | Hinter: [CLUE] Concerning the act of physical intimacy between a couple | Guesser: [GUESS] lovemaking | System: 'lovemaking' is not correct. Try again! | Hinter: [CLUE] Adjective describing the physical union between partners during intimate moments | Guesser: [GUESS] sexual | System: 'sexual' is not correct. Try again! | Hinter: [CLUE] Adjective for the act of physical connection between partners in a private setting | Guesser: [GUESS] intimate,19.58,2025-07-17 14:46:05,
kimi_0594,8,34,deepseek/deepseek-chat-v3-0324,moonshotai/kimi-k2,deepseek-chat-v3-0324,kimi-k2,deepseek-chat-v3-0324→kimi-k2,convincible,general,suasible|persuasion|persuadable|persuasible|susceptible,False,5,swayable,MAX_TURNS_EXCEEDED,False,14,"Hinter: [CLUE] Able to have one's mind changed by a strong argument or evidence | Hinter: [CLUE] Capable of being won over by logical reasoning or compelling proof | Hinter: [CLUE] Open to having one's opinion altered when presented with sound reasoning or convincing facts | Hinter: [CLUE] Likely to accept a new viewpoint when presented with clear, logical evidence | Hinter: [CLUE] Describes someone who might yield to a well-constructed case or irrefutable argument",Guesser: [GUESS] persuadable | Guesser: [GUESS] persuasible | Guesser: [GUESS] amenable | Guesser: [GUESS] receptive | Guesser: [GUESS] swayable,"Hinter: [CLUE] Able to have one's mind changed by a strong argument or evidence | Guesser: [GUESS] persuadable | System: 'persuadable' is not correct. Try again! | Hinter: [CLUE] Capable of being won over by logical reasoning or compelling proof | Guesser: [GUESS] persuasible | System: 'persuasible' is not correct. Try again! | Hinter: [CLUE] Open to having one's opinion altered when presented with sound reasoning or convincing facts | Guesser: [GUESS] amenable | System: 'amenable' is not correct. Try again! | Hinter: [CLUE] Likely to accept a new viewpoint when presented with clear, logical evidence | Guesser: [GUESS] receptive | System: 'receptive' is not correct. Try again! | Hinter: [CLUE] Describes someone who might yield to a well-constructed case or irrefutable argument | Guesser: [GUESS] swayable",15.55,2025-07-17 14:46:21,
kimi_0595,8,35,deepseek/deepseek-chat-v3-0324,moonshotai/kimi-k2,deepseek-chat-v3-0324,kimi-k2,deepseek-chat-v3-0324→kimi-k2,biomedical,general,science|clinical|medicine|relating|research,True,4,biomedical,,False,11,"Hinter: [CLUE] This field combines biology and the study of human health and diseases | Hinter: [CLUE] It's an interdisciplinary area involving the application of biological principles to health and treatment | Hinter: [CLUE] This term describes the branch of study where biological knowledge is used to develop treatments and improve wellbeing | Hinter: [CLUE] Think of a word that starts with 'bio' and ends with 'medical', focusing on the intersection of living systems and healthcare",Guesser: [GUESS] medicine | Guesser: [GUESS] biomedicine | Guesser: [GUESS] biotechnology | Guesser: [GUESS] biomedical,"Hinter: [CLUE] This field combines biology and the study of human health and diseases | Guesser: [GUESS] medicine | System: 'medicine' is not correct. Try again! | Hinter: [CLUE] It's an interdisciplinary area involving the application of biological principles to health and treatment | Guesser: [GUESS] biomedicine | System: 'biomedicine' is not correct. Try again! | Hinter: [CLUE] This term describes the branch of study where biological knowledge is used to develop treatments and improve wellbeing | Guesser: [GUESS] biotechnology | System: 'biotechnology' is not correct. Try again! | Hinter: [CLUE] Think of a word that starts with 'bio' and ends with 'medical', focusing on the intersection of living systems and healthcare | Guesser: [GUESS] biomedical",18.88,2025-07-17 14:46:40,
kimi_0596,8,36,deepseek/deepseek-chat-v3-0324,moonshotai/kimi-k2,deepseek-chat-v3-0324,kimi-k2,deepseek-chat-v3-0324→kimi-k2,allometric,chemistry,marked|relating|allometry|quality|property,True,3,allometric,,False,8,"Hinter: [CLUE] This describes how different parts of an organism grow at varying rates compared to each other | Hinter: [CLUE] It's a term in biology describing disproportionate growth patterns between body parts during development | Hinter: [CLUE] Think of the adjective form of the term you guessed earlier, describing how size ratios change during growth",Guesser: [GUESS] allometry | Guesser: [GUESS] heterochrony | Guesser: [GUESS] allometric,"Hinter: [CLUE] This describes how different parts of an organism grow at varying rates compared to each other | Guesser: [GUESS] allometry | System: 'allometry' is not correct. Try again! | Hinter: [CLUE] It's a term in biology describing disproportionate growth patterns between body parts during development | Guesser: [GUESS] heterochrony | System: 'heterochrony' is not correct. Try again! | Hinter: [CLUE] Think of the adjective form of the term you guessed earlier, describing how size ratios change during growth | Guesser: [GUESS] allometric",10.53,2025-07-17 14:46:51,
kimi_0597,8,37,deepseek/deepseek-chat-v3-0324,moonshotai/kimi-k2,deepseek-chat-v3-0324,kimi-k2,deepseek-chat-v3-0324→kimi-k2,ungovernable,general,little|unruly|finds|parents|persons,True,4,ungovernable,,False,11,"Hinter: [CLUE] This describes something that cannot be controlled or restrained, often chaotic in nature | Hinter: [CLUE] This term describes a situation or entity that resists authority or order, similar to ""chaotic"" but more extreme | Hinter: [CLUE] This adjective suggests a complete lack of discipline or management, often used for territories or crowds that defy regulation | Hinter: [CLUE] This describes a state where no rules or leadership can impose structure, like a territory beyond official control",Guesser: [GUESS] uncontrollable | Guesser: [GUESS] anarchic | Guesser: [GUESS] lawless | Guesser: [GUESS] ungovernable,"Hinter: [CLUE] This describes something that cannot be controlled or restrained, often chaotic in nature | Guesser: [GUESS] uncontrollable | System: 'uncontrollable' is not correct. Try again! | Hinter: [CLUE] This term describes a situation or entity that resists authority or order, similar to ""chaotic"" but more extreme | Guesser: [GUESS] anarchic | System: 'anarchic' is not correct. Try again! | Hinter: [CLUE] This adjective suggests a complete lack of discipline or management, often used for territories or crowds that defy regulation | Guesser: [GUESS] lawless | System: 'lawless' is not correct. Try again! | Hinter: [CLUE] This describes a state where no rules or leadership can impose structure, like a territory beyond official control | Guesser: [GUESS] ungovernable",12.93,2025-07-17 14:47:04,
kimi_0598,8,38,deepseek/deepseek-chat-v3-0324,moonshotai/kimi-k2,deepseek-chat-v3-0324,kimi-k2,deepseek-chat-v3-0324→kimi-k2,nomothetic,general,search|abstract|relating|involving|universal,True,1,nomothetic,,False,2,"Hinter: [CLUE] This term describes an approach that seeks general laws or principles, often contrasted with 'idiographic' in psychology and social sciences.",Guesser: [GUESS] nomothetic,"Hinter: [CLUE] This term describes an approach that seeks general laws or principles, often contrasted with 'idiographic' in psychology and social sciences. | Guesser: [GUESS] nomothetic",6.03,2025-07-17 14:47:11,
kimi_0599,8,39,deepseek/deepseek-chat-v3-0324,moonshotai/kimi-k2,deepseek-chat-v3-0324,kimi-k2,deepseek-chat-v3-0324→kimi-k2,combinatory,philosophy,marked|relating|resulting|combinable|combination,False,5,combinatorial,MAX_TURNS_EXCEEDED,False,14,"Hinter: [CLUE] Pertaining to the way different elements can be joined or arranged together | Hinter: [CLUE] Describing how things can be mixed or grouped in various ways, often in mathematics or logic | Hinter: [CLUE] Involving the study of how different parts can be assembled or interact systematically, especially in computing or linguistics | Hinter: [CLUE] Characterising the systematic arrangement of elements where order and interaction matter, frequently used in mathematical or logical contexts | Hinter: [CLUE] Adjective describing systems where multiple possibilities arise from the interaction of distinct components, often seen in algebra or computer science",Guesser: [GUESS] combination | Guesser: [GUESS] permutation | Guesser: [GUESS] concatenation | Guesser: [GUESS] configuration | Guesser: [GUESS] combinatorial,"Hinter: [CLUE] Pertaining to the way different elements can be joined or arranged together | Guesser: [GUESS] combination | System: 'combination' is not correct. Try again! | Hinter: [CLUE] Describing how things can be mixed or grouped in various ways, often in mathematics or logic | Guesser: [GUESS] permutation | System: 'permutation' is not correct. Try again! | Hinter: [CLUE] Involving the study of how different parts can be assembled or interact systematically, especially in computing or linguistics | Guesser: [GUESS] concatenation | System: 'concatenation' is not correct. Try again! | Hinter: [CLUE] Characterising the systematic arrangement of elements where order and interaction matter, frequently used in mathematical or logical contexts | Guesser: [GUESS] configuration | System: 'configuration' is not correct. Try again! | Hinter: [CLUE] Adjective describing systems where multiple possibilities arise from the interaction of distinct components, often seen in algebra or computer science | Guesser: [GUESS] combinatorial",25.47,2025-07-17 14:47:37,
kimi_0600,8,40,deepseek/deepseek-chat-v3-0324,moonshotai/kimi-k2,deepseek-chat-v3-0324,kimi-k2,deepseek-chat-v3-0324→kimi-k2,stomatal,general,nature|mouth|opening|relating|mouthlike,True,3,stomatal,,False,8,"Hinter: [CLUE] These microscopic structures on plant leaves allow gas exchange for photosynthesis | Hinter: [CLUE] Found on leaf surfaces, these tiny pores control the movement of gases, and the word ends with '-al' | Hinter: [CLUE] This adjective describes the tiny leaf pores that regulate carbon dioxide intake and water vapour release in plants, formed from 'stomata' with an '-al' suffix",Guesser: [GUESS] stomata | Guesser: [GUESS] stoma | Guesser: [GUESS] stomatal,"Hinter: [CLUE] These microscopic structures on plant leaves allow gas exchange for photosynthesis | Guesser: [GUESS] stomata | System: 'stomata' is not correct. Try again! | Hinter: [CLUE] Found on leaf surfaces, these tiny pores control the movement of gases, and the word ends with '-al' | Guesser: [GUESS] stoma | System: 'stoma' is not correct. Try again! | Hinter: [CLUE] This adjective describes the tiny leaf pores that regulate carbon dioxide intake and water vapour release in plants, formed from 'stomata' with an '-al' suffix | Guesser: [GUESS] stomatal",19.16,2025-07-17 14:47:56,
kimi_0601,8,41,deepseek/deepseek-chat-v3-0324,moonshotai/kimi-k2,deepseek-chat-v3-0324,kimi-k2,deepseek-chat-v3-0324→kimi-k2,dishearten,general,putoff|hearten|take|put|discourage,True,2,dishearten,,False,5,Hinter: [CLUE] To sap someone's enthusiasm or dampen their spirits | Hinter: [CLUE] To make someone lose hope or feel less confident about something,Guesser: [GUESS] discourage | Guesser: [GUESS] dishearten,Hinter: [CLUE] To sap someone's enthusiasm or dampen their spirits | Guesser: [GUESS] discourage | System: 'discourage' is not correct. Try again! | Hinter: [CLUE] To make someone lose hope or feel less confident about something | Guesser: [GUESS] dishearten,6.44,2025-07-17 14:48:03,
kimi_0602,8,42,deepseek/deepseek-chat-v3-0324,moonshotai/kimi-k2,deepseek-chat-v3-0324,kimi-k2,deepseek-chat-v3-0324→kimi-k2,depend,general,elided|reckon|count|depends|hang,True,1,depend,,False,2,Hinter: [CLUE] This is what you do when you need to rely on someone or something for support,Guesser: [GUESS] depend,Hinter: [CLUE] This is what you do when you need to rely on someone or something for support | Guesser: [GUESS] depend,9.92,2025-07-17 14:48:13,
kimi_0603,8,43,deepseek/deepseek-chat-v3-0324,moonshotai/kimi-k2,deepseek-chat-v3-0324,kimi-k2,deepseek-chat-v3-0324→kimi-k2,calumniate,general,accuse|charge|defame|intent|malign,False,5,vilify,MAX_TURNS_EXCEEDED,False,14,"Hinter: [CLUE] To spread false and damaging statements about someone's reputation | Hinter: [CLUE] Similar to slander but more formal; involves harming someone's good name with falsehoods | Hinter: [CLUE] To make false and harmful statements about someone, often with the aim of damaging their standing in the community | Hinter: [CLUE] To speak falsely or maliciously about another person, undermining their reputation through untruths | Hinter: [CLUE] To tarnish someone's character by spreading untruths, often in a deliberate and harmful manner",Guesser: [GUESS] slander | Guesser: [GUESS] libel | Guesser: [GUESS] defamation | Guesser: [GUESS] malign | Guesser: [GUESS] vilify,"Hinter: [CLUE] To spread false and damaging statements about someone's reputation | Guesser: [GUESS] slander | System: 'slander' is not correct. Try again! | Hinter: [CLUE] Similar to slander but more formal; involves harming someone's good name with falsehoods | Guesser: [GUESS] libel | System: 'libel' is not correct. Try again! | Hinter: [CLUE] To make false and harmful statements about someone, often with the aim of damaging their standing in the community | Guesser: [GUESS] defamation | System: 'defamation' is not correct. Try again! | Hinter: [CLUE] To speak falsely or maliciously about another person, undermining their reputation through untruths | Guesser: [GUESS] malign | System: 'malign' is not correct. Try again! | Hinter: [CLUE] To tarnish someone's character by spreading untruths, often in a deliberate and harmful manner | Guesser: [GUESS] vilify",18.69,2025-07-17 14:48:32,
kimi_0604,8,44,deepseek/deepseek-chat-v3-0324,moonshotai/kimi-k2,deepseek-chat-v3-0324,kimi-k2,deepseek-chat-v3-0324→kimi-k2,promote,general,foster|growth|advance|boost|connive,True,1,promote,,False,2,"Hinter: [CLUE] To encourage the progress or development of something, often in a professional context",Guesser: [GUESS] promote,"Hinter: [CLUE] To encourage the progress or development of something, often in a professional context | Guesser: [GUESS] promote",3.56,2025-07-17 14:48:36,
kimi_0605,8,45,deepseek/deepseek-chat-v3-0324,moonshotai/kimi-k2,deepseek-chat-v3-0324,kimi-k2,deepseek-chat-v3-0324→kimi-k2,blinded,general,dazzle|render|unable|blind|bedazzle,True,3,blinded,,False,8,"Hinter: [CLUE] This describes someone who has lost their sight, perhaps temporarily by a bright light | Hinter: [CLUE] This can happen when exposed to excessive brightness, leaving one temporarily without vision | Hinter: [CLUE] This is the past tense of when someone's vision is obstructed, often by a sudden flash or glare",Guesser: [GUESS] blind | Guesser: [GUESS] dazzled | Guesser: [GUESS] blinded,"Hinter: [CLUE] This describes someone who has lost their sight, perhaps temporarily by a bright light | Guesser: [GUESS] blind | System: 'blind' is not correct. Try again! | Hinter: [CLUE] This can happen when exposed to excessive brightness, leaving one temporarily without vision | Guesser: [GUESS] dazzled | System: 'dazzled' is not correct. Try again! | Hinter: [CLUE] This is the past tense of when someone's vision is obstructed, often by a sudden flash or glare | Guesser: [GUESS] blinded",11.13,2025-07-17 14:48:47,
kimi_0606,8,46,deepseek/deepseek-chat-v3-0324,moonshotai/kimi-k2,deepseek-chat-v3-0324,kimi-k2,deepseek-chat-v3-0324→kimi-k2,lignify,general,become|cause|convert|woody|wood,True,2,lignify,,False,5,"Hinter: [CLUE] This process describes when plant tissues harden and take on a more rigid structure over time | Hinter: [CLUE] This verb refers to the cellular change where plant material develops greater structural rigidity, similar to what happens in tree bark formation",Guesser: [GUESS] lignification | Guesser: [GUESS] lignify,"Hinter: [CLUE] This process describes when plant tissues harden and take on a more rigid structure over time | Guesser: [GUESS] lignification | System: 'lignification' is not correct. Try again! | Hinter: [CLUE] This verb refers to the cellular change where plant material develops greater structural rigidity, similar to what happens in tree bark formation | Guesser: [GUESS] lignify",11.09,2025-07-17 14:48:59,
kimi_0607,8,47,deepseek/deepseek-chat-v3-0324,moonshotai/kimi-k2,deepseek-chat-v3-0324,kimi-k2,deepseek-chat-v3-0324→kimi-k2,inoculate,general,inform|beliefs|attitude|idea|immunise,False,5,jab,MAX_TURNS_EXCEEDED,False,14,"Hinter: [CLUE] This is a medical procedure to protect against disease by introducing a small dose of the pathogen | Hinter: [CLUE] Similar to vaccination, this involves introducing a weakened or dead virus to build resistance | Hinter: [CLUE] Doctors might do this to patients using a needle to help them develop protection from illnesses | Hinter: [CLUE] This process involves administering a vaccine to stimulate the body's defences against a specific disease, often through injection | Hinter: [CLUE] This medical term describes the act of introducing a vaccine or antigen into the body to produce immunity, typically through a jab or oral dose",Guesser: [GUESS] vaccination | Guesser: [GUESS] inoculation | Guesser: [GUESS] immunisation | Guesser: [GUESS] vaccine | Guesser: [GUESS] jab,"Hinter: [CLUE] This is a medical procedure to protect against disease by introducing a small dose of the pathogen | Guesser: [GUESS] vaccination | System: 'vaccination' is not correct. Try again! | Hinter: [CLUE] Similar to vaccination, this involves introducing a weakened or dead virus to build resistance | Guesser: [GUESS] inoculation | System: 'inoculation' is not correct. Try again! | Hinter: [CLUE] Doctors might do this to patients using a needle to help them develop protection from illnesses | Guesser: [GUESS] immunisation | System: 'immunisation' is not correct. Try again! | Hinter: [CLUE] This process involves administering a vaccine to stimulate the body's defences against a specific disease, often through injection | Guesser: [GUESS] vaccine | System: 'vaccine' is not correct. Try again! | Hinter: [CLUE] This medical term describes the act of introducing a vaccine or antigen into the body to produce immunity, typically through a jab or oral dose | Guesser: [GUESS] jab",35.34,2025-07-17 14:49:34,
kimi_0608,8,48,deepseek/deepseek-chat-v3-0324,moonshotai/kimi-k2,deepseek-chat-v3-0324,kimi-k2,deepseek-chat-v3-0324→kimi-k2,atomize,chemistry,atomise|perfume|spray|nuke|zap,False,5,atomising,MAX_TURNS_EXCEEDED,False,14,"Hinter: [CLUE] This is a process where something is reduced to very fine particles or droplets | Hinter: [CLUE] In chemistry, this action might involve breaking down a liquid into a mist using specialised equipment | Hinter: [CLUE] This scientific term describes converting a substance into its smallest constituent particles, often used in industrial processes | Hinter: [CLUE] This action can describe what happens to fuel in an engine or to a liquid in an aerosol can, creating tiny dispersed particles | Hinter: [CLUE] This verb shares its root with the smallest unit of matter and describes the process of converting something into extremely fine particles, similar to nebulisation but not using forbidden terms",Guesser: [GUESS] grinding | Guesser: [GUESS] atomisation | Guesser: [GUESS] pulverisation | Guesser: [GUESS] spraying | Guesser: [GUESS] atomising,"Hinter: [CLUE] This is a process where something is reduced to very fine particles or droplets | Guesser: [GUESS] grinding | System: 'grinding' is not correct. Try again! | Hinter: [CLUE] In chemistry, this action might involve breaking down a liquid into a mist using specialised equipment | Guesser: [GUESS] atomisation | System: 'atomisation' is not correct. Try again! | Hinter: [CLUE] This scientific term describes converting a substance into its smallest constituent particles, often used in industrial processes | Guesser: [GUESS] pulverisation | System: 'pulverisation' is not correct. Try again! | Hinter: [CLUE] This action can describe what happens to fuel in an engine or to a liquid in an aerosol can, creating tiny dispersed particles | Guesser: [GUESS] spraying | System: 'spraying' is not correct. Try again! | Hinter: [CLUE] This verb shares its root with the smallest unit of matter and describes the process of converting something into extremely fine particles, similar to nebulisation but not using forbidden terms | Guesser: [GUESS] atomising",27.33,2025-07-17 14:50:02,
kimi_0609,8,49,deepseek/deepseek-chat-v3-0324,moonshotai/kimi-k2,deepseek-chat-v3-0324,kimi-k2,deepseek-chat-v3-0324→kimi-k2,unzipping,chemistry,zipper|unzip|open|unfasten|zip,True,3,unzipping,,False,8,"Hinter: [CLUE] The action of separating two interlocking parts of a fastener, often done to trousers or a jacket | Hinter: [CLUE] What you might do to a pair of jeans when you need to adjust the fit, involving teeth-like components | Hinter: [CLUE] The continuous process of releasing a garment's closure mechanism, creating space where previously there was none",Guesser: [GUESS] unzip | Guesser: [GUESS] zip | Guesser: [GUESS] unzipping,"Hinter: [CLUE] The action of separating two interlocking parts of a fastener, often done to trousers or a jacket | Guesser: [GUESS] unzip | System: 'unzip' is not correct. Try again! | Hinter: [CLUE] What you might do to a pair of jeans when you need to adjust the fit, involving teeth-like components | Guesser: [GUESS] zip | System: 'zip' is not correct. Try again! | Hinter: [CLUE] The continuous process of releasing a garment's closure mechanism, creating space where previously there was none | Guesser: [GUESS] unzipping",11.72,2025-07-17 14:50:14,
kimi_0610,8,50,deepseek/deepseek-chat-v3-0324,moonshotai/kimi-k2,deepseek-chat-v3-0324,kimi-k2,deepseek-chat-v3-0324→kimi-k2,booting,cs,reboot|bring|boot|give|kick,True,3,booting,,False,8,"Hinter: [CLUE] This is what happens when a computer starts up its operating system | Hinter: [CLUE] The process a computer goes through when powering on, loading its system | Hinter: [CLUE] What occurs when a device initialises and loads its software after being turned on",Guesser: [GUESS] boot | Guesser: [GUESS] startup | Guesser: [GUESS] booting,"Hinter: [CLUE] This is what happens when a computer starts up its operating system | Guesser: [GUESS] boot | System: 'boot' is not correct. Try again! | Hinter: [CLUE] The process a computer goes through when powering on, loading its system | Guesser: [GUESS] startup | System: 'startup' is not correct. Try again! | Hinter: [CLUE] What occurs when a device initialises and loads its software after being turned on | Guesser: [GUESS] booting",9.4,2025-07-17 14:50:24,
kimi_0611,8,51,deepseek/deepseek-chat-v3-0324,moonshotai/kimi-k2,deepseek-chat-v3-0324,kimi-k2,deepseek-chat-v3-0324→kimi-k2,backtracking,cs,course|double|hikers|return|retrace,True,3,backtracking,,False,8,Hinter: [CLUE] This is what you might do when you realise you've gone the wrong way and need to go back along the same path | Hinter: [CLUE] It's the action of reversing direction in computing or problem-solving when you hit a dead end | Hinter: [CLUE] This process involves revisiting previous steps in an algorithm or decision-making path to find an alternative solution,Guesser: [GUESS] backtrack | Guesser: [GUESS] backpedal | Guesser: [GUESS] backtracking,Hinter: [CLUE] This is what you might do when you realise you've gone the wrong way and need to go back along the same path | Guesser: [GUESS] backtrack | System: 'backtrack' is not correct. Try again! | Hinter: [CLUE] It's the action of reversing direction in computing or problem-solving when you hit a dead end | Guesser: [GUESS] backpedal | System: 'backpedal' is not correct. Try again! | Hinter: [CLUE] This process involves revisiting previous steps in an algorithm or decision-making path to find an alternative solution | Guesser: [GUESS] backtracking,13.57,2025-07-17 14:50:38,
kimi_0612,8,52,deepseek/deepseek-chat-v3-0324,moonshotai/kimi-k2,deepseek-chat-v3-0324,kimi-k2,deepseek-chat-v3-0324→kimi-k2,underwriting,finance,insure|cover|opera|subvent|support,True,2,underwriting,,False,5,"Hinter: [CLUE] Financial backing for a risk or venture, often provided by banks or investors | Hinter: [CLUE] The process of assessing and accepting financial responsibility for a potential loss, commonly in banking or insurance contexts",Guesser: [GUESS] funding | Guesser: [GUESS] underwriting,"Hinter: [CLUE] Financial backing for a risk or venture, often provided by banks or investors | Guesser: [GUESS] funding | System: 'funding' is not correct. Try again! | Hinter: [CLUE] The process of assessing and accepting financial responsibility for a potential loss, commonly in banking or insurance contexts | Guesser: [GUESS] underwriting",6.33,2025-07-17 14:50:44,
kimi_0613,8,53,deepseek/deepseek-chat-v3-0324,moonshotai/kimi-k2,deepseek-chat-v3-0324,kimi-k2,deepseek-chat-v3-0324→kimi-k2,obtrusively,general,manner|obtrusive|unobtrusively|noticeably|intrusively,False,5,intrusive,MAX_TURNS_EXCEEDED,False,14,"Hinter: [CLUE] Doing something in a way that draws unwanted attention or disrupts others | Hinter: [CLUE] Acting in a way that sticks out or interrupts, without being subtle or discreet | Hinter: [CLUE] Behaving in a way that forces itself upon others' notice, often rudely or disruptively | Hinter: [CLUE] Doing something in a way that barges in or dominates a situation, lacking subtlety | Hinter: [CLUE] Acting in a way that draws attention to itself in a way that feels pushy or overbearing, not blending in",Guesser: [GUESS] obnoxious | Guesser: [GUESS] ostentatious | Guesser: [GUESS] obtrusive | Guesser: [GUESS] blatant | Guesser: [GUESS] intrusive,"Hinter: [CLUE] Doing something in a way that draws unwanted attention or disrupts others | Guesser: [GUESS] obnoxious | System: 'obnoxious' is not correct. Try again! | Hinter: [CLUE] Acting in a way that sticks out or interrupts, without being subtle or discreet | Guesser: [GUESS] ostentatious | System: 'ostentatious' is not correct. Try again! | Hinter: [CLUE] Behaving in a way that forces itself upon others' notice, often rudely or disruptively | Guesser: [GUESS] obtrusive | System: 'obtrusive' is not correct. Try again! | Hinter: [CLUE] Doing something in a way that barges in or dominates a situation, lacking subtlety | Guesser: [GUESS] blatant | System: 'blatant' is not correct. Try again! | Hinter: [CLUE] Acting in a way that draws attention to itself in a way that feels pushy or overbearing, not blending in | Guesser: [GUESS] intrusive",21.24,2025-07-17 14:51:06,
kimi_0614,8,54,deepseek/deepseek-chat-v3-0324,moonshotai/kimi-k2,deepseek-chat-v3-0324,kimi-k2,deepseek-chat-v3-0324→kimi-k2,permissively,general,manner|permissive|leniently|freely|tolerantly,False,5,laxly,MAX_TURNS_EXCEEDED,False,14,Hinter: [CLUE] Acting without strict rules or harsh restrictions | Hinter: [CLUE] Behaving in a way that allows much leeway or few constraints | Hinter: [CLUE] How one might act when given considerable latitude or minimal prohibitions | Hinter: [CLUE] An adverb describing how someone might grant allowances or overlook strict adherence to rules | Hinter: [CLUE] An adverb suggesting a relaxed approach to enforcing regulations or boundaries,Guesser: [GUESS] freedom | Guesser: [GUESS] leniency | Guesser: [GUESS] permissiveness | Guesser: [GUESS] loosely | Guesser: [GUESS] laxly,Hinter: [CLUE] Acting without strict rules or harsh restrictions | Guesser: [GUESS] freedom | System: 'freedom' is not correct. Try again! | Hinter: [CLUE] Behaving in a way that allows much leeway or few constraints | Guesser: [GUESS] leniency | System: 'leniency' is not correct. Try again! | Hinter: [CLUE] How one might act when given considerable latitude or minimal prohibitions | Guesser: [GUESS] permissiveness | System: 'permissiveness' is not correct. Try again! | Hinter: [CLUE] An adverb describing how someone might grant allowances or overlook strict adherence to rules | Guesser: [GUESS] loosely | System: 'loosely' is not correct. Try again! | Hinter: [CLUE] An adverb suggesting a relaxed approach to enforcing regulations or boundaries | Guesser: [GUESS] laxly,19.26,2025-07-17 14:51:25,
kimi_0615,8,55,deepseek/deepseek-chat-v3-0324,moonshotai/kimi-k2,deepseek-chat-v3-0324,kimi-k2,deepseek-chat-v3-0324→kimi-k2,nervily,general,cheeky|manner|brash|brashly|cheekily,False,5,nervy,MAX_TURNS_EXCEEDED,False,14,"Hinter: [CLUE] Acting with overconfidence or boldness, sometimes without thinking of consequences | Hinter: [CLUE] Doing something with excessive boldness or audacity, often in a way that might unsettle others | Hinter: [CLUE] Behaving in a way that shows reckless boldness or lack of restraint, often with a slight edge of tension or anxiety | Hinter: [CLUE] Acting with boldness that borders on recklessness, often with a hint of nervous energy or tension | Hinter: [CLUE] Demonstrating boldness or daring, but with an underlying sense of unease or jittery energy",Guesser: [GUESS] bravado | Guesser: [GUESS] audacity | Guesser: [GUESS] temerity | Guesser: [GUESS] chutzpah | Guesser: [GUESS] nervy,"Hinter: [CLUE] Acting with overconfidence or boldness, sometimes without thinking of consequences | Guesser: [GUESS] bravado | System: 'bravado' is not correct. Try again! | Hinter: [CLUE] Doing something with excessive boldness or audacity, often in a way that might unsettle others | Guesser: [GUESS] audacity | System: 'audacity' is not correct. Try again! | Hinter: [CLUE] Behaving in a way that shows reckless boldness or lack of restraint, often with a slight edge of tension or anxiety | Guesser: [GUESS] temerity | System: 'temerity' is not correct. Try again! | Hinter: [CLUE] Acting with boldness that borders on recklessness, often with a hint of nervous energy or tension | Guesser: [GUESS] chutzpah | System: 'chutzpah' is not correct. Try again! | Hinter: [CLUE] Demonstrating boldness or daring, but with an underlying sense of unease or jittery energy | Guesser: [GUESS] nervy",28.64,2025-07-17 14:51:54,
kimi_0616,8,56,deepseek/deepseek-chat-v3-0324,moonshotai/kimi-k2,deepseek-chat-v3-0324,kimi-k2,deepseek-chat-v3-0324→kimi-k2,past,general,given|point|pass|by|beyond,True,1,past,,False,2,"Hinter: [CLUE] A period that has already occurred, opposite of future",Guesser: [GUESS] past,"Hinter: [CLUE] A period that has already occurred, opposite of future | Guesser: [GUESS] past",3.52,2025-07-17 14:51:58,
kimi_0617,8,57,deepseek/deepseek-chat-v3-0324,moonshotai/kimi-k2,deepseek-chat-v3-0324,kimi-k2,deepseek-chat-v3-0324→kimi-k2,chattily,general,chatty|manner|volubly|talkatively|conversationally,False,5,loquacious,MAX_TURNS_EXCEEDED,False,14,"Hinter: [CLUE] In a lively and informal way, like someone who enjoys a good natter | Hinter: [CLUE] How someone might speak when they're full of news and can't stop sharing it, in a breezy fashion | Hinter: [CLUE] In a lighthearted, effusive style, as if relishing every detail of a story without pausing for breath | Hinter: [CLUE] How a person might prattle on excitedly, with words tumbling out in a cheerful, unstoppable stream | Hinter: [CLUE] In a sociable, animated way, as if words flow freely and without restraint, often with a friendly tone",Guesser: [GUESS] chatty | Guesser: [GUESS] gossipy | Guesser: [GUESS] garrulous | Guesser: [GUESS] voluble | Guesser: [GUESS] loquacious,"Hinter: [CLUE] In a lively and informal way, like someone who enjoys a good natter | Guesser: [GUESS] chatty | System: 'chatty' is not correct. Try again! | Hinter: [CLUE] How someone might speak when they're full of news and can't stop sharing it, in a breezy fashion | Guesser: [GUESS] gossipy | System: 'gossipy' is not correct. Try again! | Hinter: [CLUE] In a lighthearted, effusive style, as if relishing every detail of a story without pausing for breath | Guesser: [GUESS] garrulous | System: 'garrulous' is not correct. Try again! | Hinter: [CLUE] How a person might prattle on excitedly, with words tumbling out in a cheerful, unstoppable stream | Guesser: [GUESS] voluble | System: 'voluble' is not correct. Try again! | Hinter: [CLUE] In a sociable, animated way, as if words flow freely and without restraint, often with a friendly tone | Guesser: [GUESS] loquacious",17.36,2025-07-17 14:52:16,
kimi_0618,8,58,deepseek/deepseek-chat-v3-0324,moonshotai/kimi-k2,deepseek-chat-v3-0324,kimi-k2,deepseek-chat-v3-0324→kimi-k2,forbiddingly,general,manner|menacing|unpleasant|threateningly|intimidatingly,True,2,forbiddingly,,False,5,"Hinter: [CLUE] This word describes something that appears stern or unapproachable, often discouraging interaction | Hinter: [CLUE] This adverb suggests something is done in a way that strongly discourages or prevents approach, like a fortress's appearance",Guesser: [GUESS] forbidding | Guesser: [GUESS] forbiddingly,"Hinter: [CLUE] This word describes something that appears stern or unapproachable, often discouraging interaction | Guesser: [GUESS] forbidding | System: 'forbidding' is not correct. Try again! | Hinter: [CLUE] This adverb suggests something is done in a way that strongly discourages or prevents approach, like a fortress's appearance | Guesser: [GUESS] forbiddingly",6.56,2025-07-17 14:52:23,
kimi_0619,8,59,deepseek/deepseek-chat-v3-0324,moonshotai/kimi-k2,deepseek-chat-v3-0324,kimi-k2,deepseek-chat-v3-0324→kimi-k2,sneakingly,general,manner|sneaky|furtively|stealthily|covertly,False,5,stealthily,MAX_TURNS_EXCEEDED,False,14,"Hinter: [CLUE] Acting in a way meant to avoid being noticed or heard | Hinter: [CLUE] Moving or behaving in a quiet, secretive way to escape attention | Hinter: [CLUE] Doing something in a hushed or underhanded fashion, like trying not to be seen | Hinter: [CLUE] An adverb describing how one might move if they're trying to slip away without drawing notice | Hinter: [CLUE] An adverb ending in '-ly' that describes moving quietly to avoid detection, similar to ""sneaking"" but not using that exact word",Guesser: [GUESS] sneaking | Guesser: [GUESS] stealth | Guesser: [GUESS] furtive | Guesser: [GUESS] stealthily | Guesser: [GUESS] stealthily,"Hinter: [CLUE] Acting in a way meant to avoid being noticed or heard | Guesser: [GUESS] sneaking | System: 'sneaking' is not correct. Try again! | Hinter: [CLUE] Moving or behaving in a quiet, secretive way to escape attention | Guesser: [GUESS] stealth | System: 'stealth' is not correct. Try again! | Hinter: [CLUE] Doing something in a hushed or underhanded fashion, like trying not to be seen | Guesser: [GUESS] furtive | System: 'furtive' is not correct. Try again! | Hinter: [CLUE] An adverb describing how one might move if they're trying to slip away without drawing notice | Guesser: [GUESS] stealthily | System: 'stealthily' is not correct. Try again! | Hinter: [CLUE] An adverb ending in '-ly' that describes moving quietly to avoid detection, similar to ""sneaking"" but not using that exact word | Guesser: [GUESS] stealthily",18.51,2025-07-17 14:52:41,
kimi_0620,8,60,deepseek/deepseek-chat-v3-0324,moonshotai/kimi-k2,deepseek-chat-v3-0324,kimi-k2,deepseek-chat-v3-0324→kimi-k2,wickedly,general,evilly|manner|wicked|evil|sinfully,True,3,wickedly,,False,8,"Hinter: [CLUE] This adverb describes an action done in a mischievous or morally questionable way, often with a playful edge | Hinter: [CLUE] Think of how a villain in a pantomime might behave - with exaggerated naughtiness and theatrical flair | Hinter: [CLUE] It rhymes with ""quickly"" and suggests acting with a devil-may-care attitude or dark humour",Guesser: [GUESS] roguishly | Guesser: [GUESS] villainously | Guesser: [GUESS] wickedly,"Hinter: [CLUE] This adverb describes an action done in a mischievous or morally questionable way, often with a playful edge | Guesser: [GUESS] roguishly | System: 'roguishly' is not correct. Try again! | Hinter: [CLUE] Think of how a villain in a pantomime might behave - with exaggerated naughtiness and theatrical flair | Guesser: [GUESS] villainously | System: 'villainously' is not correct. Try again! | Hinter: [CLUE] It rhymes with ""quickly"" and suggests acting with a devil-may-care attitude or dark humour | Guesser: [GUESS] wickedly",10.84,2025-07-17 14:52:53,
kimi_0621,8,61,deepseek/deepseek-chat-v3-0324,moonshotai/kimi-k2,deepseek-chat-v3-0324,kimi-k2,deepseek-chat-v3-0324→kimi-k2,tonight,general,night|present|this|thisnight|thisevening,True,4,tonight,,False,11,"Hinter: [CLUE] The period after sunset when stars become visible | Hinter: [CLUE] The latter part of the current day when darkness falls | Hinter: [CLUE] The time between now and tomorrow's sunrise, when day transitions to darkness | Hinter: [CLUE] The span of time from now until you go to bed, occurring after today but before tomorrow",Guesser: [GUESS] twilight | Guesser: [GUESS] night | Guesser: [GUESS] evening | Guesser: [GUESS] tonight,"Hinter: [CLUE] The period after sunset when stars become visible | Guesser: [GUESS] twilight | System: 'twilight' is not correct. Try again! | Hinter: [CLUE] The latter part of the current day when darkness falls | Guesser: [GUESS] night | System: 'night' is not correct. Try again! | Hinter: [CLUE] The time between now and tomorrow's sunrise, when day transitions to darkness | Guesser: [GUESS] evening | System: 'evening' is not correct. Try again! | Hinter: [CLUE] The span of time from now until you go to bed, occurring after today but before tomorrow | Guesser: [GUESS] tonight",10.17,2025-07-17 14:53:03,
kimi_0622,8,62,deepseek/deepseek-chat-v3-0324,moonshotai/kimi-k2,deepseek-chat-v3-0324,kimi-k2,deepseek-chat-v3-0324→kimi-k2,concisely,general,manner|briefly|concise|inbrief|inshort,False,5,pithy,MAX_TURNS_EXCEEDED,False,14,"Hinter: [CLUE] Expressing something with few words, avoiding unnecessary detail | Hinter: [CLUE] To say or write something in a way that is compact and to the point, without elaboration | Hinter: [CLUE] Doing or speaking in a way that gets straight to the heart of the matter without wasting words | Hinter: [CLUE] An adverb describing how one might communicate if they were being economical with their language | Hinter: [CLUE] The way a skilled writer might convey their meaning when trimming superfluous words to leave only what's essential",Guesser: [GUESS] concise | Guesser: [GUESS] brief | Guesser: [GUESS] succinct | Guesser: [GUESS] tersely | Guesser: [GUESS] pithy,"Hinter: [CLUE] Expressing something with few words, avoiding unnecessary detail | Guesser: [GUESS] concise | System: 'concise' is not correct. Try again! | Hinter: [CLUE] To say or write something in a way that is compact and to the point, without elaboration | Guesser: [GUESS] brief | System: 'brief' is not correct. Try again! | Hinter: [CLUE] Doing or speaking in a way that gets straight to the heart of the matter without wasting words | Guesser: [GUESS] succinct | System: 'succinct' is not correct. Try again! | Hinter: [CLUE] An adverb describing how one might communicate if they were being economical with their language | Guesser: [GUESS] tersely | System: 'tersely' is not correct. Try again! | Hinter: [CLUE] The way a skilled writer might convey their meaning when trimming superfluous words to leave only what's essential | Guesser: [GUESS] pithy",26.32,2025-07-17 14:53:30,
kimi_0623,8,63,deepseek/deepseek-chat-v3-0324,moonshotai/kimi-k2,deepseek-chat-v3-0324,kimi-k2,deepseek-chat-v3-0324→kimi-k2,p.m.,general,midnight|noon|post|postmeridiem|afternoon,True,3,p.m.,,False,8,"Hinter: [CLUE] The latter half of a 12-hour clock period, often when the sun is low or set | Hinter: [CLUE] The time period after 12:00 on a clock face, often abbreviated to two letters with a full stop | Hinter: [CLUE] This abbreviation indicates the latter part of the day on a 12-hour clock, coming after the morning period but before nightfall",Guesser: [GUESS] evening | Guesser: [GUESS] afternoon | Guesser: [GUESS] p.m.,"Hinter: [CLUE] The latter half of a 12-hour clock period, often when the sun is low or set | Guesser: [GUESS] evening | System: 'evening' is not correct. Try again! | Hinter: [CLUE] The time period after 12:00 on a clock face, often abbreviated to two letters with a full stop | Guesser: [GUESS] afternoon | System: 'afternoon' is not correct. Try again! | Hinter: [CLUE] This abbreviation indicates the latter part of the day on a 12-hour clock, coming after the morning period but before nightfall | Guesser: [GUESS] p.m.",17.56,2025-07-17 14:53:48,
kimi_0624,8,64,deepseek/deepseek-chat-v3-0324,moonshotai/kimi-k2,deepseek-chat-v3-0324,kimi-k2,deepseek-chat-v3-0324→kimi-k2,insanely,general,insane|manner|sanely|crazily|madly,True,3,insanely,,False,8,"Hinter: [CLUE] To an extreme or unreasonable degree, often used to describe how much something is done | Hinter: [CLUE] Think of an adverb meaning ""to a ridiculous extent,"" similar to ""extremely"" but more intense | Hinter: [CLUE] This adverb describes doing something to an absurd degree, often implying lack of rationality - rhymes with ""vainly""",Guesser: [GUESS] excessively | Guesser: [GUESS] ridiculously | Guesser: [GUESS] insanely,"Hinter: [CLUE] To an extreme or unreasonable degree, often used to describe how much something is done | Guesser: [GUESS] excessively | System: 'excessively' is not correct. Try again! | Hinter: [CLUE] Think of an adverb meaning ""to a ridiculous extent,"" similar to ""extremely"" but more intense | Guesser: [GUESS] ridiculously | System: 'ridiculously' is not correct. Try again! | Hinter: [CLUE] This adverb describes doing something to an absurd degree, often implying lack of rationality - rhymes with ""vainly"" | Guesser: [GUESS] insanely",13.06,2025-07-17 14:54:01,
kimi_0625,8,65,deepseek/deepseek-chat-v3-0324,moonshotai/kimi-k2,deepseek-chat-v3-0324,kimi-k2,deepseek-chat-v3-0324→kimi-k2,capably,general,manner|aptly|capable|ably|competent,False,5,well,MAX_TURNS_EXCEEDED,False,14,"Hinter: [CLUE] This describes how someone might perform a task with skill and efficiency | Hinter: [CLUE] Doing something with proficiency and effectiveness, showing you know how to handle it well | Hinter: [CLUE] When someone completes a task skilfully and efficiently, demonstrating they can do it very well | Hinter: [CLUE] Performing an action with a high level of skill, achieving the desired result smoothly and effectively | Hinter: [CLUE] Doing something with ease and success, showing you've got the knack for it",Guesser: [GUESS] expertly | Guesser: [GUESS] competently | Guesser: [GUESS] adeptly | Guesser: [GUESS] proficiently | Guesser: [GUESS] well,"Hinter: [CLUE] This describes how someone might perform a task with skill and efficiency | Guesser: [GUESS] expertly | System: 'expertly' is not correct. Try again! | Hinter: [CLUE] Doing something with proficiency and effectiveness, showing you know how to handle it well | Guesser: [GUESS] competently | System: 'competently' is not correct. Try again! | Hinter: [CLUE] When someone completes a task skilfully and efficiently, demonstrating they can do it very well | Guesser: [GUESS] adeptly | System: 'adeptly' is not correct. Try again! | Hinter: [CLUE] Performing an action with a high level of skill, achieving the desired result smoothly and effectively | Guesser: [GUESS] proficiently | System: 'proficiently' is not correct. Try again! | Hinter: [CLUE] Doing something with ease and success, showing you've got the knack for it | Guesser: [GUESS] well",18.15,2025-07-17 14:54:19,
kimi_0626,8,66,deepseek/deepseek-chat-v3-0324,moonshotai/kimi-k2,deepseek-chat-v3-0324,kimi-k2,deepseek-chat-v3-0324→kimi-k2,low,general,ground|position|down|beneath|bottom,True,2,low,,False,5,"Hinter: [CLUE] Not high; the opposite of tall when describing height | Hinter: [CLUE] In music, this describes a deep or bass sound; also means less than average in amount or quantity",Guesser: [GUESS] short | Guesser: [GUESS] low,"Hinter: [CLUE] Not high; the opposite of tall when describing height | Guesser: [GUESS] short | System: 'short' is not correct. Try again! | Hinter: [CLUE] In music, this describes a deep or bass sound; also means less than average in amount or quantity | Guesser: [GUESS] low",7.19,2025-07-17 14:54:27,
kimi_0627,8,67,deepseek/deepseek-chat-v3-0324,moonshotai/kimi-k2,deepseek-chat-v3-0324,kimi-k2,deepseek-chat-v3-0324→kimi-k2,kinda,general,extent|kindof|rather|sortof|great,True,2,kinda,,False,5,"Hinter: [CLUE] This word is used to soften a statement, making it less definite or absolute | Hinter: [CLUE] It's an informal adverb meaning ""to some degree"" or ""in some ways,"" often used in casual speech",Guesser: [GUESS] perhaps | Guesser: [GUESS] kinda,"Hinter: [CLUE] This word is used to soften a statement, making it less definite or absolute | Guesser: [GUESS] perhaps | System: 'perhaps' is not correct. Try again! | Hinter: [CLUE] It's an informal adverb meaning ""to some degree"" or ""in some ways,"" often used in casual speech | Guesser: [GUESS] kinda",15.48,2025-07-17 14:54:43,
kimi_0628,8,68,deepseek/deepseek-chat-v3-0324,moonshotai/kimi-k2,deepseek-chat-v3-0324,kimi-k2,deepseek-chat-v3-0324→kimi-k2,inquiringly,general,manner|inquiring|enquiringly|questioningly|curiously,False,5,eagerly,MAX_TURNS_EXCEEDED,False,14,"Hinter: [CLUE] With a tilt of the head and raised eyebrows, one might look this way when seeking information | Hinter: [CLUE] In a way that shows you want to know more, often with an expression of mild puzzlement or interest | Hinter: [CLUE] How a detective might glance at a clue, or how a child might peer at something new, wanting to understand | Hinter: [CLUE] An adverbial form describing how someone might gaze when eager for answers, typically with an open and attentive demeanour | Hinter: [CLUE] Ending in '-ly', this describes how one might watch a puzzle being solved, leaning forward with keen interest",Guesser: [GUESS] quizzical | Guesser: [GUESS] inquisitive | Guesser: [GUESS] curious | Guesser: [GUESS] questioningly | Guesser: [GUESS] eagerly,"Hinter: [CLUE] With a tilt of the head and raised eyebrows, one might look this way when seeking information | Guesser: [GUESS] quizzical | System: 'quizzical' is not correct. Try again! | Hinter: [CLUE] In a way that shows you want to know more, often with an expression of mild puzzlement or interest | Guesser: [GUESS] inquisitive | System: 'inquisitive' is not correct. Try again! | Hinter: [CLUE] How a detective might glance at a clue, or how a child might peer at something new, wanting to understand | Guesser: [GUESS] curious | System: 'curious' is not correct. Try again! | Hinter: [CLUE] An adverbial form describing how someone might gaze when eager for answers, typically with an open and attentive demeanour | Guesser: [GUESS] questioningly | System: 'questioningly' is not correct. Try again! | Hinter: [CLUE] Ending in '-ly', this describes how one might watch a puzzle being solved, leaning forward with keen interest | Guesser: [GUESS] eagerly",34.26,2025-07-17 14:55:17,
kimi_0629,8,69,deepseek/deepseek-chat-v3-0324,moonshotai/kimi-k2,deepseek-chat-v3-0324,kimi-k2,deepseek-chat-v3-0324→kimi-k2,often,general,short|times|many|ofttimes|intervals,True,3,often,,False,8,"Hinter: [CLUE] This describes something happening on a regular basis, not just occasionally | Hinter: [CLUE] It's an adverb indicating something occurs with frequency, more than seldom but less than always | Hinter: [CLUE] Rhymes with ""soften"" and suggests repetition without being constant",Guesser: [GUESS] routine | Guesser: [GUESS] frequently | Guesser: [GUESS] often,"Hinter: [CLUE] This describes something happening on a regular basis, not just occasionally | Guesser: [GUESS] routine | System: 'routine' is not correct. Try again! | Hinter: [CLUE] It's an adverb indicating something occurs with frequency, more than seldom but less than always | Guesser: [GUESS] frequently | System: 'frequently' is not correct. Try again! | Hinter: [CLUE] Rhymes with ""soften"" and suggests repetition without being constant | Guesser: [GUESS] often",10.09,2025-07-17 14:55:28,
kimi_0630,8,70,deepseek/deepseek-chat-v3-0324,moonshotai/kimi-k2,deepseek-chat-v3-0324,kimi-k2,deepseek-chat-v3-0324→kimi-k2,con,general,opinion|pro|opposition|proposition|against,False,3,TABOO_VIOLATION: Hinter违反规则,TABOO_VIOLATION,True,6,"Hinter: [CLUE] A person who deceives others for personal gain, often associated with trickery or fraud | Hinter: [CLUE] Short for a deceptive criminal who tricks victims out of money or information",Guesser: [GUESS] fraudster | Guesser: [GUESS] conman,"Hinter: [CLUE] A person who deceives others for personal gain, often associated with trickery or fraud | Guesser: [GUESS] fraudster | System: 'fraudster' is not correct. Try again! | Hinter: [CLUE] Short for a deceptive criminal who tricks victims out of money or information | Guesser: [GUESS] conman | System: 'conman' is not correct. Try again!",12.08,2025-07-17 14:55:40,"TABOO_VIOLATION: Hinter在第3轮违反规则，说了禁用词: A three-letter abbreviation often paired with ""pro"" in debates, but also means to deceive someone"
kimi_0631,8,71,deepseek/deepseek-chat-v3-0324,moonshotai/kimi-k2,deepseek-chat-v3-0324,kimi-k2,deepseek-chat-v3-0324→kimi-k2,centennially,general,century|years|centenary|hundredth|anniversary,True,1,centennially,,False,2,Hinter: [CLUE] This adverb describes something occurring once every ten decades,Guesser: [GUESS] centennially,Hinter: [CLUE] This adverb describes something occurring once every ten decades | Guesser: [GUESS] centennially,5.66,2025-07-17 14:55:46,
kimi_0632,8,72,deepseek/deepseek-chat-v3-0324,moonshotai/kimi-k2,deepseek-chat-v3-0324,kimi-k2,deepseek-chat-v3-0324→kimi-k2,unmemorably,general,manner|memorably|unmemorable|forgettably|indistinctly,False,5,forgettably,MAX_TURNS_EXCEEDED,False,14,"Hinter: [CLUE] This describes something that fails to leave a lasting impression | Hinter: [CLUE] It's how you might describe a performance that doesn't stand out in your mind | Hinter: [CLUE] It's an adverb meaning in a way that doesn't stick in one's recollection | Hinter: [CLUE] It's how you might describe an event that slips from memory almost immediately | Hinter: [CLUE] It's the opposite of ""remarkably"" but with a focus on how something is done, not its quality",Guesser: [GUESS] forgettable | Guesser: [GUESS] unmemorable | Guesser: [GUESS] unremarkably | Guesser: [GUESS] fleeting | Guesser: [GUESS] forgettably,"Hinter: [CLUE] This describes something that fails to leave a lasting impression | Guesser: [GUESS] forgettable | System: 'forgettable' is not correct. Try again! | Hinter: [CLUE] It's how you might describe a performance that doesn't stand out in your mind | Guesser: [GUESS] unmemorable | System: 'unmemorable' is not correct. Try again! | Hinter: [CLUE] It's an adverb meaning in a way that doesn't stick in one's recollection | Guesser: [GUESS] unremarkably | System: 'unremarkably' is not correct. Try again! | Hinter: [CLUE] It's how you might describe an event that slips from memory almost immediately | Guesser: [GUESS] fleeting | System: 'fleeting' is not correct. Try again! | Hinter: [CLUE] It's the opposite of ""remarkably"" but with a focus on how something is done, not its quality | Guesser: [GUESS] forgettably",21.77,2025-07-17 14:56:08,
kimi_0633,8,73,deepseek/deepseek-chat-v3-0324,moonshotai/kimi-k2,deepseek-chat-v3-0324,kimi-k2,deepseek-chat-v3-0324→kimi-k2,dispensed,general,bestow|parcel|allot|dealout|dishout,True,3,dispensed,,False,8,"Hinter: [CLUE] To give out or distribute something, often in measured amounts | Hinter: [CLUE] What a pharmacist does with medicine, or what a machine does with drinks in measured quantities | Hinter: [CLUE] Past tense of the action where something is made available or supplied, often systematically (e.g., medication or cash from a machine)",Guesser: [GUESS] allocate | Guesser: [GUESS] dispense | Guesser: [GUESS] dispensed,"Hinter: [CLUE] To give out or distribute something, often in measured amounts | Guesser: [GUESS] allocate | System: 'allocate' is not correct. Try again! | Hinter: [CLUE] What a pharmacist does with medicine, or what a machine does with drinks in measured quantities | Guesser: [GUESS] dispense | System: 'dispense' is not correct. Try again! | Hinter: [CLUE] Past tense of the action where something is made available or supplied, often systematically (e.g., medication or cash from a machine) | Guesser: [GUESS] dispensed",12.55,2025-07-17 14:56:21,
kimi_0634,8,74,deepseek/deepseek-chat-v3-0324,moonshotai/kimi-k2,deepseek-chat-v3-0324,kimi-k2,deepseek-chat-v3-0324→kimi-k2,bevel,general,chamfer|miter|shape|cone|angle,True,1,bevel,,False,2,"Hinter: [CLUE] This is a sloped edge often seen on furniture or glass, created by cutting or grinding",Guesser: [GUESS] bevel,"Hinter: [CLUE] This is a sloped edge often seen on furniture or glass, created by cutting or grinding | Guesser: [GUESS] bevel",1.81,2025-07-17 14:56:23,
kimi_0635,8,75,deepseek/deepseek-chat-v3-0324,moonshotai/kimi-k2,deepseek-chat-v3-0324,kimi-k2,deepseek-chat-v3-0324→kimi-k2,mushroom,general,gather|pluck|cull|pick|mushrooms,True,1,mushroom,,False,2,"Hinter: [CLUE] This is a fungus often found in woodland areas, sometimes with a stem and cap",Guesser: [GUESS] mushroom,"Hinter: [CLUE] This is a fungus often found in woodland areas, sometimes with a stem and cap | Guesser: [GUESS] mushroom",8.06,2025-07-17 14:56:31,
kimi_0636,8,76,deepseek/deepseek-chat-v3-0324,moonshotai/kimi-k2,deepseek-chat-v3-0324,kimi-k2,deepseek-chat-v3-0324→kimi-k2,believing,general,accept|believe|swear|trust|bank,True,3,believing,,False,8,"Hinter: [CLUE] Having faith in something without needing proof | Hinter: [CLUE] The act of holding something to be true or genuine, often without concrete evidence | Hinter: [CLUE] A continuous form of the verb meaning to have confidence in the truth or existence of something",Guesser: [GUESS] belief | Guesser: [GUESS] trust | Guesser: [GUESS] believing,"Hinter: [CLUE] Having faith in something without needing proof | Guesser: [GUESS] belief | System: 'belief' is not correct. Try again! | Hinter: [CLUE] The act of holding something to be true or genuine, often without concrete evidence | Guesser: [GUESS] trust | System: 'trust' is not correct. Try again! | Hinter: [CLUE] A continuous form of the verb meaning to have confidence in the truth or existence of something | Guesser: [GUESS] believing",11.22,2025-07-17 14:56:43,
kimi_0637,8,77,deepseek/deepseek-chat-v3-0324,moonshotai/kimi-k2,deepseek-chat-v3-0324,kimi-k2,deepseek-chat-v3-0324→kimi-k2,caulk,general,calk|caulking|seal|fill|grout,True,2,caulk,,False,5,"Hinter: [CLUE] This material is used to prevent leaks around baths and sinks | Hinter: [CLUE] This waterproof compound is applied in joints and gaps, often with a gun-like tool",Guesser: [GUESS] sealant | Guesser: [GUESS] caulk,"Hinter: [CLUE] This material is used to prevent leaks around baths and sinks | Guesser: [GUESS] sealant | System: 'sealant' is not correct. Try again! | Hinter: [CLUE] This waterproof compound is applied in joints and gaps, often with a gun-like tool | Guesser: [GUESS] caulk",7.42,2025-07-17 14:56:51,
kimi_0638,8,78,deepseek/deepseek-chat-v3-0324,moonshotai/kimi-k2,deepseek-chat-v3-0324,kimi-k2,deepseek-chat-v3-0324→kimi-k2,ranking,general,others|place|come|position|rank,True,1,ranking,,False,2,Hinter: [CLUE] This describes how things are ordered from first to last in a list or competition,Guesser: [GUESS] ranking,Hinter: [CLUE] This describes how things are ordered from first to last in a list or competition | Guesser: [GUESS] ranking,2.35,2025-07-17 14:56:53,
kimi_0639,8,79,deepseek/deepseek-chat-v3-0324,moonshotai/kimi-k2,deepseek-chat-v3-0324,kimi-k2,deepseek-chat-v3-0324→kimi-k2,farm,general,farmer|ranch|work|cultivate|agriculture,True,1,farm,,False,2,Hinter: [CLUE] This is a place where crops grow and animals are raised for food,Guesser: [GUESS] farm,Hinter: [CLUE] This is a place where crops grow and animals are raised for food | Guesser: [GUESS] farm,3.74,2025-07-17 14:56:57,
kimi_0640,8,80,deepseek/deepseek-chat-v3-0324,moonshotai/kimi-k2,deepseek-chat-v3-0324,kimi-k2,deepseek-chat-v3-0324→kimi-k2,brooks,general,digest|endure|permit|suffer|abide,True,3,brooks,,False,8,"Hinter: [CLUE] Small streams found in the countryside, often crossed by wooden bridges | Hinter: [CLUE] These are plural versions of the water features you guessed earlier, often found in place names like ""Seven ___"" | Hinter: [CLUE] They're shallow waterways that might share their name with a surname, like actor Pierce ___ or director Albert ___",Guesser: [GUESS] brook | Guesser: [GUESS] streams | Guesser: [GUESS] brooks,"Hinter: [CLUE] Small streams found in the countryside, often crossed by wooden bridges | Guesser: [GUESS] brook | System: 'brook' is not correct. Try again! | Hinter: [CLUE] These are plural versions of the water features you guessed earlier, often found in place names like ""Seven ___"" | Guesser: [GUESS] streams | System: 'streams' is not correct. Try again! | Hinter: [CLUE] They're shallow waterways that might share their name with a surname, like actor Pierce ___ or director Albert ___ | Guesser: [GUESS] brooks",11.81,2025-07-17 14:57:09,
